Load,Stiffness
4,576.676634579576
4,588.188144531998
4,581.188228915622
4,592.203878643607
4,583.647105458771
4,590.344426562219
4,594.950982588669
4,589.185316946633
4,585.913106415311
4,590.282488431786
4,581.876650991899
4,599.097842053422
4,590.090132392546
4,576.111166364763
4,592.567754233479
4,588.047109670895
4,592.893516190883
4,607.153884134416
4,597.800675023937
4,583.859607804841
4,585.981086539035
4,588.711500207674
4,580.386623432829
4,580.386338809868
4,595.526351128636
4,596.53552346487
4,594.016697759169
4,602.028162539216
4,587.634870940036
4,589.711895098947
4,593.770637443023
4,597.116741508159
4,588.4881620179
4,589.86820763193
4,606.254855205647
4,608.808525326408
4,602.681391507827
4,592.601655214952
4,608.974829885603
4,610.261732531094
4,603.392072704784
4,595.706074827255
4,599.039323654647
4,602.580421488917
4,610.958233526821
4,595.82948102409
4,612.151010296512
4,604.602685570161
4,595.926750330215
4,621.006349145105
4,603.679767049249
4,610.033839985595
4,602.46653904472
4,606.975594750539
4,609.224872722801
4,604.991800628357
4,614.942544368232
4,616.441368075298
4,618.540697163532
4,597.86215657171
4,612.974524152482
4,607.370671977521
4,621.406806199116
4,599.725122517989
4,609.087229355441
4,611.640285755718
4,610.95695641526
4,618.073447477325
4,614.127192750911
4,612.219005017946
4,623.01115575138
4,603.324515563194
4,608.587998113952
4,615.10628060994
4,601.441230701163
4,613.554802898034
4,623.113942105749
4,615.098994478778
4,605.155153208486
4,616.836062512546
4,615.846563745331
4,609.526381175859
4,596.002660937232
4,609.111750656817
4,604.169332933519
4,621.038860511091
4,618.573418040339
4,607.089524887004
4,622.97307351543
4,612.782129373726
4,610.718822052483
4,614.899572871735
4,617.347619321745
4,603.185001678043
4,611.268357161818
4,612.134027925485
4,614.102423933274
4,629.683581945721
4,608.31828975941
4,619.5851799098
4,629.992683824796
4,604.258434181376
4,616.748101926183
4,615.355924487223
4,614.833398169767
4,612.279815778954
4,616.099646792862
4,613.499782440655
4,612.587295211407
4,612.782464361597
4,613.080516992022
4,612.315748711482
4,614.880620891877
4,622.852185570837
4,610.308784801222
4,614.264668297417
4,612.6037498337
4,617.300294079957
4,610.427445887126
4,612.367238185177
4,613.831268077105
4,612.329702738591
4,611.33808647769
4,611.859246836922
4,613.461898979775
4,615.483436560289
4,613.610004072113
4,615.827663232253
4,616.755507676296
4,613.378091226861
4,614.723851131649
4,616.525890247737
4,613.914418306924
4,615.27146148746
4,616.859050745112
4,613.514712331983
4,614.689132595911
4,612.174876442937
4,617.111241464482
4,617.254224528884
4,617.79064668529
4,617.238479428236
4,617.757605191298
4,611.797685733257
4,618.556629229598
4,617.812663131474
4,617.072883627624
4,616.744859495173
4,614.704121157556
4,614.774857486975
4,612.013137581112
4,613.673325515447
4,611.48652634866
4,610.194813364054
4,608.911042100174
4,614.226980610428
4,615.707108361489
4,613.507827276957
4,615.604136328961
4,613.96405413912
4,614.249051755865
4,615.856153535818
4,615.581320955615
4,612.976986620278
4,612.510697185709
4,617.615649597962
4,615.422067730223
4,613.627465299384
4,613.442744307286
4,611.998500372953
4,613.350110132888
4,613.927077088947
4,610.375446988607
4,615.271470072462
4,613.055896410406
4,616.041045980774
4,615.797905201275
4,612.562406941652
4,616.473847104035
4,613.385087282554
4,619.455116228217
4,610.33634193789
4,621.986994330014
4,615.62105945339
4,627.305876894005
4,604.825381041961
4,606.087618531526
4,608.227743871861
4,608.110250205986
4,603.570209829763
4,614.0299939302
4,605.782257814217
4,610.253583348699
4,619.438937175957
4,618.357423321041
4,619.899271023892
4,622.963513499883
4,631.66167174735
4,612.027882213264
4,616.81918430689
4,628.082083462707
4,624.6784664929
4,604.082992084886
4,612.589858379988
4,614.863824120321
4,619.544598946092
4,622.785785329539
4,605.325148543922
4,609.289841225571
4,606.733998004695
4,626.285761949832
4,621.545941645903
4,635.514045336711
4,612.678849779252
4,590.886329651691
4,615.364044249464
4,602.402139135576
4,610.821016453599
4,616.262659985996
4,610.655642228401
4,623.400694669124
4,616.44482415078
4,623.940374927874
4,598.631971817548
4,605.483682632181
4,619.839992435212
4,593.923375633507
4,611.627923827526
4,612.256503407944
4,611.707982327585
4,632.993374570959
4,614.41964067229
4,619.800168404484
4,618.732496327486
4,616.400388146938
4,604.21983948913
4,607.226744725538
4,610.564419010857
4,613.672135922748
4,601.618242662682
4,613.695428017474
4,618.166832968272
4,617.181138379808
4,617.330768578944
4,614.901755097136
4,613.26035790155
4,616.068188702032
4,623.916319138235
4,616.326970574382
4,617.871726427092
4,607.073018706521
4,607.719038220364
4,616.952218579136
4,613.353853114873
4,617.219419327898
4,611.725044314466
4,610.883728977784
4,604.072427877705
4,625.656006041444
4,616.510010686906
4,622.48620595772
4,610.275689024547
4,611.131579683235
4,626.049933357165
4,621.156577351724
4,616.143778289539
4,627.435019779472
4,617.991585114757
4,613.960929086928
4,616.648627062638
4,630.193919775832
4,608.820559190265
4,607.572526710586
4,623.95657509953
4,609.554500745971
4,609.52493592781
4,612.483684930658
4,604.525045852287
4,619.506781620087
4,607.474637227979
4,628.95377292538
4,606.0741160247
4,617.702671282919
4,623.859782154185
4,609.662736835105
4,611.807834771419
4,615.310397620531
4,628.786524960847
4,614.25064127266
4,607.43255666035
4,622.800452760435
4,619.940583243266
4,611.341622196474
4,624.685194604376
4,607.948016069639
4,609.366164793804
4,618.043607287072
4,608.490392648556
4,615.448160894887
4,615.412743131057
4,618.390859828407
4,620.413184496696
4,633.369543648649
4,624.822453915995
4,617.704036078334
4,611.268770795311
4,619.000799030636
4,619.682955221204
4,610.331511409605
4,611.007879774738
4,601.042973964839
4,589.388037357955
4,607.080363203254
4,615.336651289907
4,626.659082677634
4,623.400388531151
4,605.974182182731
4,604.396075460214
4,596.927813282567
4,624.760545551736
4,611.14986579794
4,620.350481532744
4,624.214146793207
4,613.160492470686
4,626.326187995432
4,608.1822113881
4,619.569815902214
4,620.510180399223
4,608.225184079713
4,613.165074647512
4,617.055960349536
4,615.616101690577
4,609.977814580998
4,617.524903979005
4,615.974721410632
4,613.875484934025
4,612.005409672238
4,614.617631480331
4,614.527866002989
4,612.108206797913
4,610.357722071378
4,615.520257756635
4,611.018720914204
4,616.324612188905
4,617.214868585978
4,610.484667990288
4,608.944957153244
4,610.589918851551
4,610.703225523988
4,617.002651950128
4,615.750788871683
4,606.385327542111
4,611.506982222599
4,611.704161830656
4,608.127299173892
4,623.117879996908
4,623.301231182115
4,619.008115304347
4,606.742329060275
4,608.218832780388
4,610.221987419723
4,611.829898892661
4,622.480272570183
4,617.670928620095
4,620.827802767127
4,608.696886194666
4,623.749036889908
4,607.146613857112
4,615.905714918057
4,610.935382587932
4,608.82835878355
4,610.621086313529
4,621.674502829177
4,611.443799610486
4,604.713916562221
4,606.516589499647
4,623.164519637645
4,621.945532530894
4,617.931325636252
4,619.836811330144
4,613.379325004406
4,610.464296053428
4,613.235624163196
4,590.865928421367
4,612.537413962887
4,610.664610886439
4,610.37183577773
4,603.019112805567
4,603.186480116387
4,597.658970043591
4,598.845714377013
4,611.23435035038
4,611.322998789744
4,620.939075267706
4,605.917855300607
4,612.46639233715
4,619.249537743933
4,617.668693637534
4,601.688369199134
4,612.681702382441
8,609.923422458937
8,629.513406195138
8,625.491544152561
8,623.755526070516
8,624.968539101892
8,624.225600564722
8,617.722344071181
8,619.522134814051
8,625.755420712425
8,619.800604122463
8,615.547584077808
8,619.223976607888
8,621.409618064644
8,625.255053962516
8,621.540532142325
8,620.105828688194
8,623.91198984505
8,616.737973300905
8,622.704902695737
8,613.063406848065
8,617.93345129104
8,617.792750948311
8,618.119538009599
8,615.735822208817
8,617.548456155169
8,616.52825477639
8,621.707270300576
8,616.38737193905
8,610.574000892869
8,615.870034555237
8,625.47742786104
8,619.940012900206
8,613.794893751864
8,621.426993594644
8,619.28172382448
8,618.770305953474
8,619.831380045666
8,618.389035208757
8,616.000609849639
8,616.296098781434
8,616.938648143302
8,616.194485764246
8,616.062674674212
8,619.563681231265
8,616.074926132619
8,617.048081471622
8,616.377937708539
8,619.80920938607
8,615.318040666449
8,616.718667291998
8,620.643136214896
8,617.344771721493
8,615.31401406968
8,621.101950749127
8,617.184984017504
8,614.542284807172
8,615.336464741379
8,616.677198832651
8,623.700934592256
8,615.661754043436
8,617.315283986328
8,616.533987498568
8,615.901669324826
8,611.065852311163
8,619.559317922837
8,619.645810380066
8,612.603107215521
8,617.352451927537
8,613.748686550515
8,611.298416781936
8,623.058701300485
8,615.900444234009
8,615.695461873548
8,603.319116510706
8,612.129331175678
8,618.682740472738
8,614.515164641651
8,618.911390806596
8,616.948635104276
8,613.735941399716
8,615.640728877543
8,616.724369123253
8,615.909818624143
8,611.547964725188
8,616.467332872962
8,611.671610136238
8,616.286946954494
8,613.119229752685
8,622.904420622545
8,615.871466890003
8,610.758077535657
8,613.74090929981
8,616.224279375135
8,615.530293152503
8,617.022389227108
8,619.679951785444
8,618.410462230136
8,614.620830899861
8,619.719081852512
8,618.848570110778
8,614.946793135755
8,610.529825359092
8,624.71177902555
8,626.616070460011
8,613.26659686912
8,616.714383574975
8,612.451612694127
8,618.535916369935
8,615.765063105466
8,615.716217872065
8,613.315081921611
8,613.701537322526
8,618.745334311249
8,609.698330557625
8,617.114186771559
8,624.130859140963
8,613.025286778042
8,619.186056916077
8,616.377388320221
8,615.848239048735
8,612.880874267695
8,616.567595566599
8,615.290027883923
8,619.17961632274
8,618.310650728897
8,625.320651172228
8,615.384079414105
8,615.741902716154
8,611.278884972255
8,611.117646701003
8,619.264053001906
8,622.034287153612
8,620.391774073847
8,612.587767471691
8,620.029449971478
8,615.851344885
8,617.983264444195
8,612.955053353432
8,613.700331578752
8,616.164142595787
8,613.717037696829
8,613.554579942866
8,613.439074380117
8,612.588558970443
8,613.409403410446
8,620.585145100025
8,611.025410726793
8,610.48047693065
8,615.707097395498
8,623.373735251882
8,619.124489661513
8,617.606311838505
8,613.794265726747
8,618.832483854024
8,614.019035551893
8,621.974694416841
8,620.98764312167
8,616.403657965606
8,624.167626205363
8,619.12672225491
8,617.64678966263
8,619.574013256972
8,620.375721121701
8,624.279959384811
8,619.985827849435
8,617.402449848329
8,615.985219334509
8,614.531769184648
8,616.229937585523
8,617.514320687257
8,618.24121527222
8,616.656772787268
8,617.486974136888
8,623.529419814121
8,614.068059315646
8,620.654273651841
8,616.392815907623
8,614.70180098728
8,620.624793777018
8,617.767902076338
8,617.110516007936
8,618.001696234956
8,611.65395989928
8,621.911163082369
8,611.731921532511
8,620.013154174404
8,618.776045986619
8,615.653500573021
8,625.103733225761
8,616.618559698955
8,613.982406750103
8,618.33295036168
8,617.667620201221
8,614.67964794193
8,618.591691642119
8,617.421111823875
8,620.740625020831
8,619.18755908689
8,615.240914028332
8,609.434467231081
8,-127.00404530846
8,614.741171773245
8,610.496252770409
8,618.654472783957
8,617.285931917335
8,621.289002453099
8,614.619236751231
8,614.948823936151
8,618.587577883828
8,620.753382748184
8,615.055624652818
8,616.123692783824
8,617.307014078189
8,624.501278467513
8,616.483629733098
8,617.771722000846
8,630.028258801343
8,619.333896519502
8,616.232335933108
8,629.261782183518
8,622.596363279898
8,617.854846469672
8,619.326176262587
8,612.785410443136
8,621.636788873428
8,613.413268895206
8,620.364791691488
8,614.581305564922
8,626.007256494407
8,615.636630241543
8,619.750277194615
8,619.185322378434
8,618.676385530784
8,615.845103427623
8,613.8071804414
8,618.94215025085
8,620.490279634549
8,620.475085198185
8,620.523218126639
8,616.465586630038
8,617.061851866622
8,615.5412254168
8,616.856135045256
8,619.430399150475
8,622.777025977775
8,617.638745289915
8,620.767979687401
8,616.139747321022
8,621.71193683337
8,621.470216174472
8,616.817222230761
8,622.319637449563
8,615.585278343064
8,620.896908301288
8,618.728521411568
8,612.90657193604
8,616.48340460449
8,619.002885291616
8,622.94988398883
8,629.127227713313
8,622.475463367324
8,620.040171466445
8,622.602743340391
8,617.502010178535
8,616.364787830829
8,616.330436850159
8,622.884442762686
8,618.091900875813
8,618.147818285476
8,622.622299271913
8,619.805325400609
8,618.392398068031
8,622.244394741207
8,620.737653712922
8,621.603297852789
8,622.81000131032
8,619.587671234462
8,617.962799347313
8,616.403419614195
8,618.54288590972
8,623.293335131008
8,619.50426855045
8,620.883955962965
8,618.883258182803
8,622.158102593398
8,619.339522605965
8,618.740127449017
8,619.821945839379
8,618.416876801182
8,619.593263283462
8,619.417769308385
8,620.611527555554
8,619.339751010807
8,622.284067728596
8,619.365171380747
8,621.933753468502
8,620.939735529984
8,620.248131122161
8,621.788680702466
8,619.815005906741
8,612.66304094055
8,619.885020868472
8,621.819302725484
8,614.33189379626
8,618.399309482131
8,619.067566963032
8,613.907274788287
8,623.162766059324
8,628.242678389766
8,624.430745786807
8,618.815894877311
8,618.826881680608
8,619.302941448386
8,617.689961427497
8,617.152195409028
8,622.535436249628
8,628.932909629817
8,625.435629103296
8,617.787242737629
8,621.354206229802
8,616.995731124524
8,620.064607426241
8,622.568980253808
8,617.413545820292
8,622.608255386601
8,618.779059985443
8,625.659209129779
8,619.286423940967
8,623.919576960711
8,618.353309297758
8,615.277376611364
8,609.634182671869
8,617.631014565951
8,614.828035445954
8,621.147732922275
8,616.605445382313
8,622.662063814167
8,614.153120851544
8,623.460934996947
8,621.904782995873
8,620.989596455703
8,623.632838373828
8,626.265885407691
8,619.721182396377
8,620.717400576871
8,622.547635230961
8,625.578540620066
8,621.516661417284
8,621.946782369862
8,620.726307319225
8,625.843276664721
8,625.749685828605
8,616.997354246897
8,624.748257049538
8,618.059616598079
8,619.305970951176
8,623.69239917414
8,622.999739454811
8,622.98493749059
8,621.920941518634
8,619.340686083341
8,623.808766492722
8,620.42845499823
8,618.923217407625
8,619.812098176917
8,620.636813335406
8,618.3981680953
8,620.980071979048
8,623.49573481189
8,622.225073841813
8,621.175173473699
8,618.091477206343
8,620.350018662474
8,624.75061566045
8,630.227968124175
8,626.644809664275
8,623.658856233131
8,623.463033922974
8,622.569026494253
8,621.674307838177
8,625.825603306699
8,623.600540762104
8,624.575284980808
8,623.900257786947
8,612.899929564945
8,620.369206103132
8,619.308233566194
8,621.427379334818
8,622.494060136978
8,616.117375642613
8,614.836003871872
8,624.545848480726
8,626.375656316271
8,628.573837857988
8,613.035899459583
8,614.747011070073
8,623.081859790874
8,624.190219452766
8,625.304608726104
8,613.835153968394
12,-230.474352458407
12,640.737439638709
12,634.719055672959
12,636.507259507566
12,634.665121011156
12,635.069434923979
12,630.713577140369
12,635.232093250317
12,632.39538467432
12,633.986196494542
12,633.779955841927
12,633.951709567167
12,633.264783280813
12,638.450748120447
12,634.681794075344
12,632.632511872183
12,639.211392589538
12,637.157731047052
12,631.726286253776
12,628.734840115826
12,632.339108334493
12,629.862210885319
12,634.337613992411
12,632.960335306509
12,635.318754386054
12,632.874257060873
12,634.358259176428
12,630.270914681849
12,634.150758906092
12,636.022621337863
12,637.149825650738
12,632.893726247613
12,632.124115491018
12,635.011599794149
12,631.642130961207
12,637.129190706027
12,633.61975627814
12,633.153731199931
12,632.953631817223
12,631.393599178598
12,633.074305077389
12,630.226758027222
12,633.72951669054
12,640.050477657326
12,633.015664020456
12,632.22798641818
12,627.961193259672
12,635.416960246537
12,634.512040368528
12,633.189771656554
12,632.106270038839
12,635.745903510336
12,634.240811334082
12,630.735645711804
12,636.570387582892
12,627.959187204746
12,631.706948481143
12,635.795492412702
12,631.715828932606
12,631.166043714575
12,634.751950139337
12,630.772544686302
12,632.883095887893
12,636.147019976669
12,632.723567259658
12,629.442837248043
12,633.027829186691
12,632.13249834231
12,634.013424952178
12,633.056293391743
12,633.975714147779
12,633.357582647433
12,630.398836598645
12,634.785821057264
12,632.105591364831
12,632.83879381302
12,631.899477202854
12,631.845303271578
12,630.121374642981
12,630.807982731649
12,634.891097262575
12,633.339516580673
12,636.380108836869
12,632.536086287721
12,633.403792067218
12,635.926999164773
12,634.600065903777
12,632.233435770766
12,636.737995463537
12,634.501697234149
12,632.204537516811
12,633.807308480923
12,632.827019728748
12,633.971606205141
12,632.434175026385
12,633.260240346905
12,633.16073848541
12,639.487511357132
12,635.598718732746
12,631.347359839697
12,633.137971328813
12,631.234529102745
12,636.036824276502
12,633.774363937461
12,634.64123886947
12,631.33591778597
12,633.745411190091
12,634.836790937978
12,634.488817828902
12,634.399041372769
12,637.802718553329
12,633.405285756196
12,630.303740888446
12,631.053420310506
12,634.500863824868
12,631.110486017823
12,631.742808654501
12,632.204324185623
12,637.788239789167
12,634.410616940108
12,632.067046899256
12,633.730582952759
12,635.381366856674
12,635.079122120663
12,641.559031592134
12,632.295041164624
12,633.701173361767
12,632.490486852384
12,633.392593595403
12,632.90640354581
12,634.564781703072
12,632.024153118321
12,631.339148728888
12,632.324586941372
12,632.675236044727
12,633.355395645683
12,628.749874641983
12,632.789339801593
12,634.97100526107
12,633.743269868102
12,636.52806920279
12,635.982140666195
12,637.092124876448
12,632.799900345094
12,632.750612735403
12,633.899628616011
12,633.78744878603
12,634.393698757541
12,634.111221832277
12,633.483925703132
12,633.827061775955
12,633.83966943657
12,633.535852649103
12,636.311791406143
12,634.155028751666
12,632.611109455952
12,634.368065843585
12,632.028805528261
12,632.648541859501
12,633.895217567773
12,631.031400159367
12,635.442171879037
12,636.151218090132
12,636.5913263729
12,634.556378602449
12,635.467686809146
12,632.140287314026
12,636.240490743311
12,635.250466527736
12,631.108825335596
12,630.769478960693
12,629.179498924947
12,632.986228965725
12,633.5134509189
12,634.123767410391
12,632.483451176279
12,636.980926062194
12,635.990087776667
12,636.525165130631
12,633.166154162364
12,636.596174296812
12,629.512212459193
12,636.540890705817
12,635.045858984572
12,637.933250060802
12,642.467229514824
12,636.612400199942
12,633.836655558055
12,630.274398908714
12,633.691999272742
12,636.59664201473
12,633.651103422827
12,636.851207881534
12,626.728373146611
12,637.750296702796
12,634.016823289666
12,637.595188562131
12,634.933165595938
12,630.249282909015
12,637.697072908988
12,306.41939024272
12,633.170951781412
12,632.14288591683
12,632.117184245091
12,631.934702226828
12,643.331697608264
12,634.219934359065
12,642.351356165497
12,635.326447457469
12,634.126467597925
12,631.806221480979
12,632.207299424568
12,634.258670787595
12,632.021818824412
12,633.209704514002
12,635.274828326831
12,635.181084806479
12,635.221378624437
12,632.886555170856
12,633.028496982066
12,635.435812253333
12,630.659076524708
12,636.928647707693
12,632.146789592364
12,630.083963949919
12,633.656203025393
12,629.825404093754
12,631.859117257254
12,633.294921367592
12,635.000108281263
12,634.692667929345
12,630.502197975579
12,630.919556699585
12,636.134712472893
12,637.946906139251
12,637.336344215599
12,636.926522150323
12,638.174938224972
12,632.996153262569
12,633.576991496272
12,637.820270168689
12,633.019081074999
12,636.477882997812
12,635.922714703651
12,633.749162524641
12,634.294211494677
12,633.585717676189
12,638.300517598638
12,636.156597738511
12,635.786467425388
12,632.370815172738
12,631.168900189364
12,634.35400883293
12,638.906166123665
12,635.060223053127
12,629.898022029558
12,639.955733194165
12,636.267191185662
12,639.727365993424
12,633.469859961869
12,633.395844841283
12,635.801088725753
12,635.227798926019
12,636.751728003035
12,633.366053712281
12,631.5472661718
12,634.477643821635
12,637.075515423852
12,634.488419120901
12,637.704980945514
12,639.697703793848
12,632.599889883536
12,635.060480692081
12,634.991027939049
12,634.718640139218
12,631.986117100878
12,639.544236225627
12,633.425164564508
12,634.727801948951
12,632.090504606211
12,634.126156929448
12,634.939962003819
12,635.065972736664
12,631.965053524298
12,639.248456186856
12,635.613229157603
12,630.955915592994
12,632.493566426345
12,633.605987833126
12,632.708882197638
12,632.266640559466
12,631.399528518586
12,635.279187200123
12,636.660410722548
12,642.071311220969
12,634.779747923596
12,633.844798658949
12,636.336510047815
12,636.073341763139
12,638.943099277854
12,634.974322295676
12,634.098479858167
12,634.24171601842
12,640.641327977488
12,638.565625930766
12,636.169417028843
12,635.123688041824
12,634.796963024811
12,636.526008624029
12,633.544413482753
12,639.017705805361
12,631.775492923812
12,636.043915780847
12,636.721630943628
12,633.782715778942
12,634.035911456441
12,636.00503386741
12,638.482959195712
12,635.023910478485
12,636.006466754951
12,635.19266855812
12,636.215498890268
12,636.583016644446
12,634.690958276989
12,638.038644829858
12,629.514398581937
12,636.123865873072
12,636.079488966642
12,637.506199094384
12,634.161587071732
12,632.730025423222
12,637.714322294313
12,629.56266516459
12,636.235042703532
12,639.783690483564
12,637.545670086295
12,633.664815647641
12,638.173894029841
12,636.353229388241
12,632.6405368711
12,638.533816069294
12,636.787551727936
12,637.509682169409
12,633.891599953582
12,638.459413491821
12,636.218577551087
12,636.751416760849
12,638.568242949366
12,636.638606156412
12,639.54751824481
12,632.763238046698
12,639.451382355512
12,641.219203468906
12,634.381043708904
12,633.627659214079
12,634.416803815298
12,631.023102277494
12,638.356567158936
12,640.573780235959
12,635.319944336791
12,633.04882439297
12,636.205073453824
12,631.722732071956
12,635.627287162533
12,638.869713488182
12,636.95469830622
12,635.858544556302
12,634.952823767644
12,633.038792684425
12,632.39596327336
12,633.173254817548
12,639.367123993848
12,635.915450074042
12,634.107076992751
12,636.284176019334
12,634.135819986661
12,637.610189133857
12,637.804195594925
12,632.454769265169
12,637.219956608057
12,632.516948089816
12,638.900881352276
12,638.076411903758
12,636.437620998998
12,633.029969535234
12,634.615012580261
12,627.21070901498
12,634.305454502681
12,636.920943560287
12,632.355538729342
12,627.52429193373
12,637.516735123623
12,634.988391838796
12,637.996571720302
12,634.051782664914
12,636.393224964163
12,632.728135739467
12,638.436486136699
12,635.336191986329
12,631.370463866813
13,3025.41643053236
13,638.609454803908
13,639.40553306813
13,640.204200128772
13,640.872057661017
13,638.718744165001
13,634.961340073638
13,639.900506732165
13,638.797075478119
13,638.518523559641
13,640.801917241482
13,640.013842064856
13,640.87564248532
13,640.013514114126
13,636.156123161548
13,634.918824914594
13,639.12396721546
13,638.977904477963
13,639.689155084107
13,645.663336717805
13,640.918258784033
13,644.679670577341
13,643.010743298644
13,642.559970885634
13,643.058213670445
13,639.413731287959
13,640.834909020968
13,644.472295638836
13,641.4064337563
13,638.553892131562
13,642.911815715828
13,645.496012315517
13,637.411472244274
13,639.446786198102
13,635.803765687429
13,643.37790434969
13,643.499210997193
13,642.136790432591
13,638.426059016892
13,644.135478054268
13,642.083697813772
13,639.081285786732
13,637.576138708981
13,644.10885704106
13,635.984423115578
13,635.391833711025
13,636.669000233959
13,638.589912887931
13,637.714112048947
13,642.430802988257
13,637.256196163891
13,637.634136272771
13,642.99171195444
13,638.840183459603
13,637.515546187617
13,638.818464790268
13,640.235027466492
13,640.524060103223
13,637.356389473232
13,640.931894235632
13,638.102669752352
13,638.846386834595
13,639.647863072982
13,645.013245613295
13,639.83482222023
13,643.383979759197
13,637.848732984578
13,641.440514729421
13,638.941515552117
13,638.593714248108
13,640.946509318488
13,641.60698300317
13,645.120684919677
13,633.870878090346
13,644.485815228079
13,635.795488847077
13,635.860611359327
13,639.276494143411
13,643.276305244744
13,638.865924583598
13,639.314212834259
13,640.249207202883
13,636.582685447445
13,637.706742872966
13,646.010013591283
13,643.56486137711
13,637.948707670544
13,638.569679504992
13,638.735595541628
13,641.040712682096
13,641.063688971893
13,641.994824543744
13,644.407789009202
13,638.728384422633
13,636.986175991584
13,644.368148404246
13,644.482090060768
13,636.800235607552
13,642.401721185619
13,638.456859112633
13,637.730147848243
13,643.625128355139
13,640.950782349535
13,638.628529941697
13,641.89078071361
13,640.531106590802
13,642.59847133278
13,638.65757005856
13,636.754806618228
13,639.091020867236
13,637.105837088954
13,633.926150561936
13,639.3264494233
13,637.421645194822
13,644.840553833421
13,639.052504644306
13,637.133116109543
13,638.079117523851
13,643.904381022623
13,643.805461413813
13,642.688266901353
13,636.573638732124
13,637.742424762944
13,642.311857834301
13,638.031887607554
13,642.019194489246
13,639.275845782123
13,638.967621622694
13,641.442711637058
13,638.870746942095
13,641.881282416788
13,641.925039969403
13,642.863279564053
13,637.91988410061
13,640.179413083291
13,642.318750854192
13,641.284194960814
13,636.799274747847
13,642.388698925176
13,641.661895716414
13,639.092990946446
13,643.853930360032
13,639.711687826098
13,641.005946587789
13,640.558780262628
13,644.675372941903
13,638.712391673496
13,639.800007614606
13,644.518278809307
13,639.663066027354
13,637.494645900806
13,641.460908349057
13,640.544146501804
13,641.268109364597
13,638.579675977335
13,640.038069766038
13,640.599994448405
13,638.492322012571
13,641.515066155022
13,645.6576451617
13,634.072926834833
13,642.088254332234
13,639.056764426193
13,643.143251042367
13,637.892352174606
13,639.508083341449
13,644.30496667134
13,641.026884335343
13,636.507183402901
13,638.931791819065
13,638.997603886629
13,638.549533430506
13,636.941131528702
13,640.210522963483
13,639.580520694198
13,638.416162502933
13,638.667222718206
13,641.854790141373
13,641.092336690647
13,638.713863887911
13,639.808010103322
13,645.908616273611
13,640.460709684916
13,641.084046081882
13,640.793846581755
13,644.295377516545
13,637.869453313792
13,639.483252902739
13,639.27336158941
13,636.687724450941
13,642.342235186812
13,637.320978105622
13,645.554664486218
13,637.123913769162
13,641.208848858015
13,640.932001185266
13,638.978936454497
13,639.558518844322
13,642.329175250716
13,645.425267561125
13,707.347734646438
13,645.320376669585
13,642.61632906106
13,644.889866613642
13,648.562546500501
13,645.594557115663
13,645.76119865256
13,642.949896413578
13,645.880575213591
13,646.024821549553
13,645.340354817513
13,641.853594238708
13,640.141922927329
13,642.724652880558
13,647.883270102969
13,643.935918469108
13,644.844481822407
13,648.765925410499
13,645.295203510924
13,646.638526816124
13,648.20101496741
13,640.994816323805
13,645.859949857976
13,645.40419040573
13,640.891169544554
13,643.523602251018
13,642.470457620123
13,643.206909816266
13,646.03961623431
13,643.184246348148
13,641.100963552954
13,644.693148355922
13,648.838393337295
13,644.265089980851
13,641.220755156021
13,642.030603429117
13,649.518201372575
13,639.777513890065
13,641.179197713792
13,643.148831859387
13,643.730005392452
13,643.766343825142
13,648.758704216119
13,639.654844291135
13,641.280507628515
13,641.26388770818
13,647.061679505344
13,642.465611396503
13,642.80053092928
13,646.579202870402
13,647.036517085511
13,644.157890687196
13,644.984673655401
13,644.24372519942
13,639.882155572925
13,643.679074960989
13,644.114422366691
13,644.060377172231
13,641.560207209044
13,642.392076675829
13,641.976946172665
13,643.366507607276
13,643.951616429797
13,641.797414586828
13,641.740516778627
13,644.080410944789
13,642.911075573956
13,639.784049731063
13,643.991995796154
13,646.84592459263
13,646.609797337512
13,647.147059210626
13,640.259031040639
13,645.142542492297
13,640.183675446808
13,646.444549387636
13,646.283326233846
13,645.145254322215
13,642.920481396368
13,640.734680024925
13,645.495567431474
13,643.396139292337
13,647.196657901904
13,644.655472531866
13,643.686789463984
13,639.540892357598
13,642.993919713766
13,638.900769565602
13,645.716957935212
13,647.762700528849
13,643.928454273756
13,645.743757149633
13,645.173242916928
13,645.835614425869
13,645.262117490286
13,645.785907778526
13,641.939314099748
13,645.655276155168
13,644.270203969496
13,648.405482524061
13,641.64802796175
13,646.328512181773
13,645.848006663201
13,649.591763846762
13,641.533727007553
13,643.244908043839
13,639.161046571908
13,647.888872958334
13,642.84255668251
13,645.319467936607
13,642.276639423235
13,646.280207319945
13,642.808871185843
13,645.849169523212
13,647.558795193542
13,652.880551827127
13,643.103389751802
13,644.584115462578
13,646.228991961923
13,647.526988891876
13,645.318752927386
13,647.102708578322
13,642.899195602313
13,652.394812314598
13,647.296422980147
13,648.547752405355
13,645.858357186964
13,644.042374027685
13,644.162189793975
13,645.504749614018
13,648.982069225666
13,641.639101226504
13,649.936553502953
13,646.732281359694
13,647.050005843785
13,647.057787516876
13,645.777205749223
13,647.739157308209
13,649.850777661336
13,644.754317018589
13,641.542270545773
13,642.511859292832
13,644.57409791164
13,647.317596900722
13,647.243685022921
13,643.412978922768
13,644.121161351187
13,644.773087762053
13,643.604545520091
13,648.049404643712
13,644.649965598694
13,648.912407196202
13,643.26495741875
13,650.158468753375
13,647.235509043645
13,646.323148835622
13,646.832125774215
13,646.189192091315
13,647.032064169514
13,647.003989871742
13,646.923350808394
13,646.908220993573
13,643.351381427223
13,646.05928290499
13,642.061967975737
13,647.862073682951
13,644.062007566536
13,649.55644651542
13,647.189136140845
13,643.11127086371
13,645.195546968787
13,639.259948716405
13,644.882177569921
13,648.195147890854
13,651.36970414286
13,646.249569578603
13,644.215257006859
13,649.788737112806
13,644.63161754954
13,648.084883587702
13,643.866764127088
13,641.421047474082
13,640.22730777154
13,643.155347997299
13,646.638151304606
13,647.217368236272
13,645.529343528145
13,645.969643026823
13,649.56066168123
13,647.122696342965
13,643.536763012937
13,645.635435622298
13,646.112831739855
13,646.63889737518
13,650.168649698494
13,642.685157165558
13,645.566124459563
13,643.907289026477
13,648.043638424432
13,647.5175410218
16,-1476.65800770761
16,656.3400026555
16,658.069401745474
16,655.323985644996
16,654.905451093168
16,655.003214346312
16,657.597594484525
16,656.423900494498
16,655.233635887304
16,655.821280170729
16,658.056165952838
16,656.107624145252
16,658.978781494107
16,654.561679398434
16,655.184112649729
16,659.05898373372
16,654.855129366645
16,651.062626590867
16,653.742487896848
16,653.185549356679
16,655.623905360177
16,654.453934711283
16,652.218218324941
16,651.025520417591
16,655.338364223538
16,653.055703393361
16,648.098693110273
16,654.383186968467
16,655.187404715238
16,655.962800622894
16,650.999607214666
16,653.410229618698
16,654.25058873209
16,652.783872658413
16,652.631480273387
16,649.884025812596
16,655.257333304333
16,650.910986784361
16,654.256492266737
16,648.395667626431
16,654.881715849911
16,650.590715950249
16,652.203381398396
16,651.136781779421
16,649.979760291556
16,653.681704414309
16,649.346166744192
16,651.994061936467
16,650.315038967442
16,647.964234371188
16,651.939970874432
16,652.820237433931
16,648.032727557504
16,649.763853153708
16,653.329922966115
16,648.600701632901
16,649.469197741338
16,651.133474376392
16,650.446368618379
16,651.027489887674
16,652.775359701955
16,654.477409631747
16,651.715072780065
16,650.19349433066
16,649.943204543351
16,648.054098140852
16,651.591461542046
16,648.479199819259
16,652.041030241627
16,649.684123248955
16,650.212990281746
16,651.743724741955
16,651.755022583816
16,649.224216642229
16,650.371615875536
16,648.837417716119
16,654.432567024593
16,651.566221333835
16,653.973828416826
16,651.611785586283
16,650.83112462725
16,649.907730005929
16,648.365091923579
16,653.694792518982
16,650.423719244025
16,651.94186632571
16,651.51443601931
16,649.897168439947
16,646.209042778202
16,652.48845921204
16,654.5878318415
16,649.843526538264
16,651.73715783802
16,649.297379470362
16,651.681510655946
16,650.167134496615
16,652.013232543081
16,646.840949012369
16,653.589273342652
16,650.238256930789
16,649.085937040324
16,649.071177243946
16,649.594347929455
16,652.657224994087
16,648.915483826911
16,648.00771613137
16,650.580241621533
16,653.099025903663
16,646.783025297033
16,650.235996950757
16,647.052850691985
16,651.72851543536
16,648.231753794037
16,649.278400815864
16,649.33508693632
16,653.483054461384
16,649.885014268277
16,647.610385407353
16,649.034833265353
16,650.019973082308
16,649.48446117386
16,650.97421437874
16,651.541021184758
16,652.87330051435
16,647.531888011458
16,651.420997325123
16,647.312209430383
16,646.828564461749
16,645.569919551412
16,649.332033442208
16,650.071554245945
16,649.806925203746
16,649.937235063812
16,648.274978386582
16,650.433359580658
16,652.568171048057
16,649.930042743263
16,650.876806320217
16,652.332059797861
16,652.578615415991
16,648.815913348632
16,648.765545374296
16,649.936049076538
16,648.200584176313
16,652.907972757095
16,646.410169846693
16,648.448947342329
16,646.451857297954
16,650.562784093114
16,649.568068270271
16,654.054177850169
16,651.03381382311
16,648.510017227088
16,650.003861027545
16,652.766455292897
16,647.250844117407
16,650.924572895489
16,649.985293431408
16,649.789043271633
16,646.974229488775
16,650.582094073618
16,651.519488312244
16,648.461287730798
16,650.632963631422
16,648.659629399719
16,648.003032402529
16,649.482524174722
16,649.458697975747
16,646.35445452966
16,648.498096107665
16,646.461248044587
16,648.867353681622
16,647.896153758484
16,650.472875902028
16,646.464216524846
16,648.407515889088
16,645.699033328376
16,650.796727281249
16,650.2619223773
16,651.452258152102
16,646.889239319545
16,649.786418124114
16,647.497216992706
16,650.311675413634
16,649.025226706141
16,651.545935271174
16,650.154939828376
16,651.717878861249
16,643.965694083251
16,651.130162120916
16,649.687236254725
16,649.254248550716
16,650.60519812121
16,649.421358915603
16,651.391184647248
16,648.543556006376
16,649.019937952241
16,649.857224529937
16,648.144118528487
16,647.976004805678
16,3657.20464958629
16,653.102462028649
16,646.527319128795
16,648.098204438429
16,645.975482312899
16,647.428080222763
16,648.261697653811
16,645.868548542441
16,646.41218451368
16,645.062544483687
16,651.275360205457
16,649.963139317419
16,645.100251814345
16,648.840148569017
16,647.959303273617
16,647.358376796465
16,647.628488524862
16,649.465764864718
16,647.751473525794
16,646.660831736591
16,650.009909722299
16,647.013702560581
16,649.761760924017
16,647.635576724274
16,648.588628625989
16,649.244409775597
16,651.221532895495
16,645.816041316299
16,648.457131093783
16,647.03806688479
16,648.654910412144
16,647.786005903822
16,649.135049160317
16,647.695920610727
16,646.587994227289
16,647.882229226707
16,645.832464418771
16,650.422260185089
16,648.142112971485
16,646.305287073971
16,648.918526686736
16,644.704707783897
16,646.701397081057
16,648.425051442349
16,651.108238059795
16,646.01337098847
16,646.910164124137
16,646.483919009326
16,648.072708800042
16,648.088339156515
16,649.581024766209
16,649.489325409875
16,647.041695132772
16,644.857381334809
16,649.308272305291
16,644.903729765937
16,650.075668500665
16,646.760565029263
16,648.527760946231
16,647.520248460312
16,648.865796998055
16,648.882898208277
16,651.460055134006
16,645.568536499409
16,647.436699951037
16,649.307373461437
16,651.736520073134
16,649.968011390612
16,646.561096122085
16,647.636814180154
16,649.124905212306
16,648.197220791061
16,649.364648008654
16,650.295729016419
16,647.546067081528
16,648.047684865604
16,650.134916394193
16,646.633217114594
16,649.92135610936
16,650.410516780236
16,645.710422433402
16,647.873634895862
16,645.926743022833
16,647.845317266303
16,650.565854911493
16,652.415356476693
16,649.858465783826
16,646.902510251968
16,648.488831580821
16,647.682275617991
16,648.988969630531
16,646.93962000045
16,650.470645367894
16,646.170764059197
16,648.042196943992
16,649.110643093671
16,649.850699744917
16,650.399315846437
16,644.292425750317
16,649.401408185201
16,644.465235618179
16,646.755438554314
16,648.014184853281
16,647.215547102984
16,646.012676285121
16,652.010760330766
16,647.159791237271
16,647.01303212968
16,646.198759219431
16,647.599065487893
16,645.613455738745
16,651.354306030571
16,644.490550752495
16,648.734599622846
16,649.815877423751
16,644.014953851472
16,651.167362331969
16,647.698314934673
16,648.829497054099
16,644.1678104084
16,646.878414242726
16,648.901448839523
16,647.655918243426
16,649.744164722806
16,647.269106613165
16,644.626375541288
16,647.933285238821
16,648.029730156915
16,647.987785714218
16,649.704529300262
16,650.717567555677
16,647.825476888051
16,647.792790593709
16,646.310445258985
16,646.584802934881
16,650.860069967423
16,651.45010263177
16,647.938864700427
16,645.837676012562
16,650.014172070103
16,646.149181383051
16,648.408302175831
16,646.838839991267
16,647.453175492719
16,647.836825552376
16,646.842429947311
16,647.508658524533
16,650.674757864515
16,648.702681798713
16,648.202728129317
16,647.312914368716
16,649.089050097483
16,647.648567816251
16,647.599157789463
16,648.368423134288
16,647.796223109367
16,647.458389250681
16,647.732172147118
16,648.669349741238
16,647.384912212913
16,647.123809759921
16,648.640814618984
16,646.991208617649
16,647.86594579824
16,644.407378138077
16,646.594471404912
16,648.648106982668
16,650.055663278143
16,647.26126408895
16,649.498980652246
16,644.16724459674
16,647.140630613844
16,645.353969113088
16,644.868512801522
16,649.033418210412
16,650.794725702378
16,645.756086688864
16,647.717424529942
16,645.936228112257
16,648.192869995486
16,646.373705252146
16,650.418702022897
16,647.259855515698
16,646.183951320546
16,643.394449712427
16,647.62072519687
16,647.824468249156
16,643.944886597014
16,648.678659390972
16,649.418167521514
16,650.192247740153
16,646.518645576271
16,646.992328597743
16,649.066883444644
16,648.468880854569
16,646.561885458291
16,644.946890871345
16,648.658202224743
16,645.483025825084
16,648.664943886718
18,5288.99917844494
18,651.142241615446
18,649.047694174668
18,647.305024650971
18,649.286621611706
18,646.612568663972
18,646.018306629866
18,650.377453266231
18,645.747166634775
18,648.35933266077
18,650.188101611891
18,648.880158948163
18,646.634591822386
18,651.313272835421
18,646.626839327999
18,648.287007244907
18,649.974337893612
18,648.397154844549
18,648.164698990728
18,651.963050060749
18,649.583315934857
18,649.634245222979
18,646.341699452911
18,646.295754829855
18,647.757889905968
18,645.142111579451
18,646.466535894356
18,646.315767725886
18,646.564403503158
18,647.001404682368
18,645.407687777001
18,644.267772760912
18,647.381224823878
18,649.865641940487
18,643.968213915125
18,649.376168792254
18,649.022476406274
18,644.134093883586
18,648.359187656489
18,646.506887493965
18,649.346098193144
18,646.131303406763
18,650.700727454023
18,646.990297964498
18,648.574928109832
18,645.785892436373
18,644.152449039715
18,647.397730963264
18,646.698746027224
18,650.126853812926
18,642.803020116116
18,647.261148285778
18,644.257065641094
18,649.013916360706
18,643.889571632522
18,645.235320453586
18,646.629075123711
18,646.511643250596
18,643.872238480419
18,643.653585773419
18,643.27278976578
18,641.327207437117
18,645.87137340829
18,644.743842215607
18,646.432785170017
18,645.022070232162
18,644.047969588295
18,643.703267482511
18,643.948407037096
18,645.24896260743
18,639.844208347208
18,645.754470958745
18,643.257722419063
18,644.68719100877
18,643.193360159251
18,648.381258226447
18,644.256828939315
18,646.273755255201
18,642.855631220442
18,642.634587095031
18,644.061703064403
18,640.802017683188
18,643.735075052147
18,642.643970591105
18,643.717669963389
18,641.596570888304
18,640.516357693034
18,642.926693998232
18,639.307348909789
18,645.912801423435
18,643.430788081558
18,644.317065652642
18,644.336948380782
18,647.499143219294
18,644.333307060868
18,642.677522268571
18,643.13307693741
18,647.0315373977
18,644.605129693133
18,644.694118955485
18,639.929002044778
18,640.297785528411
18,641.928075767956
18,642.025306097757
18,638.768862573703
18,640.060134575882
18,641.787371100761
18,642.914065954064
18,643.217565664658
18,643.299985658731
18,643.128541094108
18,641.133742872164
18,641.164035821885
18,643.73196432645
18,641.817478814718
18,640.494729734814
18,640.896732615456
18,640.637584613434
18,642.10513242691
18,641.038918554336
18,640.212945872462
18,642.247658185095
18,640.128068870447
18,641.653310660504
18,641.611894375719
18,639.971121094468
18,640.93250826971
18,638.114930220231
18,639.790926100169
18,642.607033986336
18,639.001982906458
18,640.86910672184
18,640.004379843387
18,639.739728281086
18,643.838497636113
18,637.882090971665
18,639.06202116403
18,641.073714729009
18,641.404062186552
18,641.512590335333
18,641.631790232549
18,641.31007289937
18,641.977223825037
18,638.163671569164
18,638.732177697818
18,640.599768736221
18,639.034039940255
18,642.643679207085
18,641.51479044687
18,634.93507406186
18,635.462430826446
18,641.931363237876
18,637.267229804896
18,640.487846827534
18,636.228000002908
18,637.036104767076
18,637.693169779948
18,641.664533344885
18,638.077207474394
18,640.621379828741
18,638.525579882459
18,640.28285627031
18,639.685875539152
18,640.201767246214
18,635.015120669739
18,637.822193906527
18,640.155697295521
18,639.321648232759
18,638.335122113436
18,636.854243718867
18,642.118504588785
18,637.477484073953
18,637.100555945618
18,642.005190485434
18,639.250991536328
18,639.219133119327
18,637.730046360313
18,640.041693882571
18,635.741667194862
18,636.349177207175
18,636.992413601169
18,639.491016222168
18,638.693902149975
18,638.792640068035
18,641.811233004545
18,638.287978867012
18,636.832555379004
18,635.982200077054
18,637.1299139933
18,639.216628588902
18,636.189602483726
18,640.339402344426
18,638.542477334333
18,638.432081461419
18,637.858057675338
18,638.270758311506
18,637.282383895155
18,637.961143348636
18,634.753639192694
18,636.272443128098
18,1146.86429311462
18,634.599908888082
18,635.56427936972
18,633.396086700527
18,634.188248054679
18,635.538509689835
18,636.076985017428
18,634.558264493623
18,634.951398884142
18,634.093923291105
18,634.751012376975
18,635.676859660976
18,635.886546395467
18,638.099256385484
18,633.604107357927
18,634.663471457043
18,636.264181701402
18,637.886338057992
18,635.047829069036
18,630.037022969048
18,634.041491705887
18,630.336756398849
18,635.792921456209
18,630.606963267199
18,632.694966418332
18,633.951937101864
18,635.229210767461
18,636.142678170791
18,631.795653653197
18,633.835874091046
18,635.327086424512
18,636.096922742871
18,634.802407241593
18,636.669960518149
18,630.263182363517
18,632.754266023895
18,633.428229464093
18,633.611142190975
18,633.915856991346
18,633.881951977388
18,633.548320039878
18,633.970930163514
18,633.994961495296
18,632.387378440156
18,630.445164863707
18,632.294587604622
18,634.173730235834
18,632.804448910703
18,633.001953489728
18,631.567353285916
18,633.579454546496
18,635.844442518994
18,633.948017787063
18,633.654470838434
18,634.373683883641
18,633.692126536379
18,633.929620769916
18,633.164846148631
18,632.689308327091
18,632.826780090317
18,633.482947628416
18,632.575522943936
18,630.928292565739
18,629.06732736689
18,634.679401220559
18,633.009991379442
18,629.744980851482
18,633.680503693228
18,633.175732842144
18,631.518537028128
18,631.799739036226
18,633.92796849417
18,633.211964798534
18,633.268290010365
18,633.437991128808
18,632.203215743004
18,632.660347395208
18,633.922987945723
18,634.856213940189
18,630.630140921226
18,630.581371749058
18,635.094035218761
18,630.425238731281
18,628.700166374271
18,630.554712837025
18,630.719316530147
18,633.386740477037
18,632.59388121481
18,631.603430276046
18,631.602783338705
18,633.455989125425
18,633.236761540274
18,631.629880321532
18,627.839117746655
18,630.700129741543
18,633.734239333918
18,634.552690171314
18,632.744256881275
18,637.16132180798
18,629.805008404442
18,629.226868001127
18,635.241850010168
18,633.505303988085
18,632.261442631719
18,634.043303715397
18,628.910764810341
18,630.123199879626
18,626.741554613427
18,632.090634520444
18,631.594197257676
18,630.520097944475
18,631.90645216706
18,632.072432097294
18,632.500868677419
18,630.521449554194
18,632.281840516871
18,630.057790361609
18,630.514553774862
18,632.069876465243
18,629.486966778577
18,628.76943929909
18,633.302497337096
18,633.57119746768
18,630.863269482198
18,631.890091401477
18,629.72208931216
18,631.311081896015
18,633.135275017855
18,629.320798819756
18,628.819676120104
18,627.826801349868
18,630.880118645487
18,632.024883955646
18,629.9996713385
18,631.101606414225
18,627.984640765287
18,632.380558992336
18,630.795163128747
18,630.283149063833
18,632.154598106171
18,627.961720528716
18,631.868970304494
18,631.9044477926
18,628.847294739584
18,632.241351525233
18,627.259687523487
18,628.678126699865
18,627.965081648798
18,631.686687633832
18,631.866271701771
18,631.911926153798
18,630.033330974451
18,629.270234223542
18,628.137599069205
18,626.807786576166
18,631.855838588926
18,631.490565189163
18,632.650563871178
18,629.38747074137
18,627.345392531749
18,629.37703725487
18,629.12009873898
18,625.315821586103
18,626.919183148348
18,630.43273758123
18,629.507605028253
18,627.07217909441
18,628.302942114369
18,629.302883268004
18,628.652935628439
18,628.741284432551
18,627.244706852084
18,631.225735972318
18,624.868495153148
18,628.921589782215
18,628.880933279064
18,627.536320403095
18,630.330409725622
18,624.676755157946
18,625.914674810978
18,627.624463213226
18,629.441751804057
18,631.368271349747
18,625.55359426281
18,626.316721787931
18,631.369506444745
18,627.076346940394
18,629.257996635243
18,626.693153107512
18,629.635745887093
18,625.600669356053
18,626.65471839648
18,630.814593527897
18,625.346715976474
18,627.051781133666
18,626.949070460201
18,628.783410495786
18,628.489925878667
18,627.638510284999
18,625.661285380628
20,6999.4125163517
20,624.611832278357
20,621.971088322602
20,623.202295267032
20,622.337932417081
20,623.795698024648
20,619.008157503176
20,621.408913219413
20,620.967906702992
20,621.940858869452
20,617.431865344712
20,622.97900915977
20,619.126298681526
20,617.227662119414
20,617.751985600381
20,619.505178390967
20,619.154305798362
20,616.031430142286
20,616.908754411637
20,617.724318641047
20,614.7494841275
20,615.489980065028
20,616.789299113232
20,618.498051855635
20,612.603603391537
20,614.418191427097
20,616.233102071269
20,615.499912050131
20,614.988338967427
20,612.67228384411
20,617.732682281414
20,612.7405543193
20,610.612169594061
20,607.588216244648
20,612.308697955831
20,610.168908890097
20,611.72322258301
20,611.581323273718
20,611.392016074341
20,610.600998154188
20,609.3956576724
20,608.80742524828
20,607.393831793524
20,607.694398601586
20,611.725495497896
20,611.200718224751
20,610.931147616037
20,610.06742156379
20,610.699459994078
20,606.529649820976
20,606.516888073464
20,609.629622884946
20,608.631679962623
20,612.105836543697
20,607.473441083922
20,607.052547305157
20,607.362509501293
20,607.891282488353
20,608.166236163543
20,606.320356140408
20,605.458563192761
20,607.224728589918
20,603.503352288254
20,605.759938571081
20,608.908467470146
20,601.450359930374
20,603.589259643021
20,604.19183102052
20,601.946134010126
20,604.325271560576
20,603.878298116895
20,600.771124794236
20,602.658254003944
20,602.274473771518
20,601.655513218773
20,604.100239922742
20,602.794870146997
20,599.258968020224
20,602.419374546396
20,600.383415960011
20,599.964298580207
20,600.664243224087
20,598.515776774952
20,597.754734593565
20,597.210895707781
20,596.37279604168
20,598.696825139146
20,595.86671189688
20,598.013126648964
20,596.364034824974
20,595.589104258187
20,600.992314839874
20,598.796349179242
20,595.560765490319
20,595.479665510512
20,594.168962865893
20,597.375346602119
20,598.113282977331
20,595.48486734506
20,593.289627938224
20,6165.15522771298
20,593.181833666748
20,595.586316935465
20,589.616382927409
20,596.242615511911
20,594.664598235839
20,591.292437820656
20,590.737729085671
20,591.703258419332
20,593.461426512551
20,590.719372957408
20,590.694856070034
20,590.479680955808
20,593.255664089104
20,590.364785395675
20,592.222995770368
20,588.047403734029
20,591.011952241777
20,588.859769661847
20,587.52505253904
20,590.428864898965
20,590.52738730955
20,590.998144216676
20,591.880297978869
20,588.858103112726
20,591.522336299893
20,588.159189730234
20,587.951458197408
20,587.708592913293
20,585.51162383137
20,588.239513574082
20,588.308822897181
20,583.694944079107
20,589.635307035138
20,586.031704308468
20,586.241309355349
20,587.20963404693
20,585.72400004517
20,586.990711013989
20,589.536628112555
20,582.90850956981
20,585.659424386099
20,585.632888176192
20,585.084736535308
20,581.991946390494
20,586.719874509099
20,585.01509746894
20,582.750299541983
20,586.263186537972
20,583.521487022785
20,583.803263593975
20,585.114924536872
20,584.087444080042
20,583.583992956938
20,581.500574712261
20,585.199493594519
20,580.560630127065
20,582.391847801283
20,585.659676715552
20,583.418898016392
20,580.273764319705
20,582.423564468793
20,579.40426946211
20,582.11210046275
20,581.459655401863
20,580.548301270467
20,578.982014636782
20,577.190593123215
20,579.592074515349
20,582.153426790168
20,578.66308376343
20,578.69330917853
20,580.166690538943
20,579.590872119561
20,580.906800940206
20,580.924858379641
20,578.602216326475
20,579.015824647703
20,577.43935600301
20,579.107440760937
20,578.521350100805
20,578.454294407813
20,577.592351824898
20,577.423134274751
20,577.852930324823
20,575.597541569992
20,578.863707390225
20,578.019782152961
20,573.930081132936
20,572.998319679219
20,575.460757602395
20,576.102868269591
20,574.950977758646
20,575.998152936217
20,571.322137344408
20,571.638647221775
20,573.599125922056
20,572.257811923865
20,576.120578332161
20,576.487841230879
20,4150.76096406501
20,573.945841650069
20,574.215757493237
20,572.610923124834
20,573.697626895264
20,573.282624441415
20,573.175406704478
20,574.560335959352
20,570.731024001255
20,574.294123251761
20,572.345408687116
20,571.999625870463
20,570.107954553512
20,571.256474255251
20,571.493084585621
20,566.983688873283
20,571.756914569538
20,572.145238499062
20,567.278680257522
20,571.907962961478
20,571.9992394
20,568.14013897894
20,569.333048449049
20,570.559826122488
20,569.643864142553
20,570.580548082937
20,566.16473791841
20,569.071886720706
20,570.455801763855
20,565.706311744371
20,567.269075142324
20,567.121026124885
20,567.632630312976
20,569.125148427332
20,565.145254541567
20,570.736587340729
20,565.002903382926
20,568.188956784345
20,571.352048882549
20,566.524003867882
20,563.399469581493
20,567.68990416992
20,567.091342776343
20,565.634847962863
20,563.203826967032
20,567.83341983965
20,568.257570888709
20,563.469395804293
20,564.816675890276
20,566.231797174377
20,564.531456923438
20,561.438075379098
20,561.374524926699
20,560.841516760149
20,563.186237866047
20,563.557561967929
20,563.94469729796
20,561.685730005362
20,562.217966211961
20,562.600953435241
20,562.794881893202
20,563.076110213005
20,562.442348244236
20,560.920055057491
20,562.142422483016
20,561.592848533592
20,559.746424449693
20,562.435533379886
20,559.879914937107
20,556.882483706959
20,563.382474525539
20,561.272120829064
20,559.478143479605
20,557.817315799193
20,558.15540298676
20,561.98151286908
20,560.606308711653
20,559.743515189899
20,563.307291153169
20,555.155495530829
20,556.789831554081
20,560.830641904614
20,558.783133738397
20,559.210743454306
20,560.068127510594
20,556.503477483652
20,557.523913316656
20,558.507072847308
20,557.446242904949
20,558.574913410872
20,555.743476087475
20,556.255597815209
20,555.825791121185
20,554.398995864101
20,560.589136629119
20,560.326477574948
20,554.841528641345
20,555.191318488876
20,561.526244355903
20,552.009691716562
20,3647.04623912875
20,559.381491329932
20,557.193734218078
20,557.076763207606
20,554.71124009947
20,556.155720657882
20,555.161368802697
20,556.005111910717
20,555.510779883383
20,555.688843072959
20,555.075310004076
20,553.351173873481
20,553.961025346334
20,552.7860962163
20,553.653191143443
20,552.551236525718
20,553.562369655798
20,555.206813295461
20,553.293748823278
20,554.845569990095
20,551.796801996394
20,556.130177368864
20,552.625721495353
20,552.188572160561
20,553.914499488361
20,552.822212405185
20,550.632731426786
20,554.937028500966
20,550.374811105823
20,552.931623006067
20,551.666627389164
20,551.504789258422
20,550.042533972749
20,550.779907377613
20,551.021658408646
20,550.985626832311
20,550.88164239941
20,550.997390419599
20,552.5753514942
20,548.203993652877
20,550.66259765166
20,545.709635766235
20,550.024330230575
20,546.332769263232
20,545.008067172384
20,547.542047487329
20,548.802784489583
20,548.586956949499
20,549.072106303325
20,547.528206523592
20,548.723599581508
20,547.873929291446
20,544.596893735033
20,547.545137324863
20,544.593751978663
20,545.258868022101
20,545.209163709324
20,544.841348858909
20,543.917405934598
20,550.755901665233
20,544.923359839911
20,545.009197215822
20,546.746266430598
20,545.504557771475
20,546.215316748932
20,544.93466734946
20,543.996161219361
20,545.173993235288
20,545.797289597931
20,542.167476085149
20,544.378744406883
20,543.438833362939
20,547.095361258683
20,545.489361622477
20,545.792482487314
20,543.505849575791
20,539.546358194309
20,543.011325567153
20,545.228450202773
20,544.160467333114
20,543.097943080299
20,543.200102265087
20,540.005045677376
20,540.986475049108
20,540.337128005994
20,541.987708263512
20,544.592190519174
20,540.506525666911
20,541.414322255375
20,541.155906553666
20,540.133627102997
20,539.289200629033
20,538.621787854723
20,537.364683002632
20,539.550746413996
20,540.745358287661
20,539.450691889158
20,540.031257740019
20,541.795263766903
20,536.827294432638
22,8617.92930151474
22,526.967779230812
22,527.452447542157
22,530.266304238709
22,526.773225277723
22,521.246997966238
22,526.00816907107
22,524.282078926008
22,526.102788651726
22,527.247002624327
22,522.773263051786
22,524.299399892954
22,520.866896693026
22,521.420481763497
22,520.409013658303
22,520.597266306538
22,516.979872019013
22,516.875467391582
22,520.180719867947
22,520.073808361052
22,514.081005821503
22,518.678109277443
22,514.847067520066
22,515.049303200626
22,512.263039159082
22,515.939645331423
22,511.123142647463
22,516.321487045132
22,511.056719377521
22,513.010238344201
22,510.042908168184
22,513.665841235213
22,508.6618883154
22,516.181262114382
22,512.843943257598
22,510.076101421775
22,510.752625165311
22,509.773710031572
22,504.711419699859
22,512.627936769269
22,507.304142731581
22,510.485986839799
22,505.209458947839
22,507.909243894528
22,505.097040902336
22,503.137356752626
22,505.592338372468
22,503.604439424827
22,505.267140292001
22,503.445943132566
22,501.195041747972
22,498.413303904615
22,499.512298993588
22,498.34789217508
22,501.268451910248
22,501.367133314564
22,501.431520449701
22,499.370208632903
22,496.38413752746
22,494.630236517565
22,493.373627962154
22,497.925457474924
22,495.28130786762
22,497.436535301917
22,495.409824155185
22,494.857297037022
22,491.844663756709
22,492.779453474488
22,489.931249291552
22,492.423261736896
22,491.292707142045
22,489.198331637998
22,491.033963101782
22,492.108484669725
22,488.993914364391
22,487.148842459379
22,484.077915146907
22,492.313885369105
22,486.292668015769
22,490.118324464988
22,489.219980373694
22,485.3346994078
22,486.914868380241
22,487.153509972095
22,482.486527912133
22,486.748816525261
22,487.963794364968
22,484.224867875154
22,487.027076869498
22,483.618490645491
22,482.658178015974
22,482.780826254412
22,484.424712123479
22,480.43592145879
22,483.439196332106
22,481.992944938446
22,482.80517048453
22,484.131801521412
22,478.677297771597
22,481.294170477471
22,-3436.34527370261
22,478.165826138626
22,481.184075041258
22,480.709339927658
22,479.392052924766
22,479.248380880714
22,478.596824086415
22,473.623307912758
22,475.981282703137
22,477.112220507111
22,476.536724102755
22,474.445140416065
22,473.482707883077
22,473.761704220235
22,475.331700197804
22,469.688041075721
22,469.223906507202
22,474.049677962564
22,474.100115441463
22,470.022712389892
22,469.813127017793
22,470.896836254337
22,474.00525421009
22,473.363866783709
22,471.417697000488
22,468.868499821845
22,469.849425064297
22,470.906225827472
22,469.539939285958
22,467.606674880515
22,466.703234055924
22,465.28639791221
22,468.352372709634
22,467.500133984227
22,468.111283009769
22,465.085053674495
22,465.097366871581
22,464.463810234452
22,465.27495181609
22,467.819745458665
22,465.613438708624
22,461.420855946121
22,465.634242997266
22,466.292177010572
22,462.317352217476
22,461.299065220198
22,462.99845023625
22,460.758825203603
22,463.118853769665
22,459.163825318281
22,460.416594760564
22,457.233609906246
22,460.075738649001
22,459.746754794981
22,457.88209179681
22,458.256782822212
22,456.747021952588
22,459.958716160053
22,455.442951995621
22,460.461651642649
22,455.886050676543
22,456.289848679543
22,456.621908504594
22,454.933617203339
22,457.638914988424
22,453.589015253601
22,453.221382157271
22,454.478927739456
22,454.782571281589
22,456.044290782243
22,456.896046318598
22,453.094065170689
22,450.035742188653
22,452.709485740698
22,447.671420676817
22,454.474003108389
22,452.31939560804
22,452.717683754753
22,450.988933638754
22,450.065069017336
22,449.83866618825
22,449.380520342954
22,448.793095929711
22,449.875824615619
22,448.364649781148
22,447.49253851937
22,446.888381931358
22,444.152260278436
22,450.007021348281
22,446.665652245934
22,450.771933461777
22,445.043230832804
22,446.798993796616
22,441.653179424857
22,447.235686755032
22,443.080013443204
22,440.680626780956
22,444.511385223177
22,442.035646171485
22,440.59742229783
22,477.90036337144
22,437.228845482902
22,439.74791639834
22,442.711573969862
22,440.591150972764
22,438.150741392455
22,437.818851276827
22,440.060541490399
22,439.912693648002
22,439.449338818377
22,437.449894689167
22,436.412726571692
22,436.421721046795
22,433.163280823453
22,434.684081226623
22,435.823564656432
22,434.731606540979
22,435.297094035689
22,436.879823162669
22,435.282095697877
22,436.297607058666
22,433.912054821491
22,435.478533205582
22,431.201266842341
22,432.128294284721
22,430.901831293708
22,428.999016291123
22,430.591098111225
22,427.921093293055
22,431.981719614465
22,431.969796325194
22,430.540056030776
22,427.152248964953
22,431.470148751125
22,428.268702534237
22,428.364943361147
22,421.794570078068
22,429.137381315431
22,423.575311101878
22,429.191219261381
22,422.049922703405
22,430.085470366008
22,422.153568050373
22,423.692045147246
22,425.194943694837
22,424.278003872247
22,421.451112416977
22,425.575442751664
22,423.792714194635
22,423.575359509538
22,421.438472600127
22,421.131663946492
22,420.053458248684
22,424.040275335344
22,424.655673552341
22,425.475162405554
22,416.544288457536
22,419.57377737861
22,418.742378524975
22,418.195757398006
22,418.930371832817
22,416.094504276344
22,421.286709302899
22,419.039818958013
22,414.933481435233
22,418.263931997998
22,419.473371999726
22,412.712665273913
22,418.241906474405
22,414.485535096947
22,414.588681408667
22,414.569221590582
22,415.550266470455
22,414.563070737527
22,413.448633058812
22,413.513244133068
22,413.087603636308
22,412.548335641859
22,412.877825712295
22,411.486102151201
22,409.234991327908
22,408.28028138566
22,409.883024189967
22,409.645202969709
22,406.988684367744
22,408.647604544659
22,406.844618622818
22,408.004571705206
22,407.383789954552
22,406.899841867407
22,405.824997822607
22,407.296473590492
22,400.528665542257
22,402.842120529695
22,401.986736348514
22,402.082298472345
22,401.168223768669
22,402.034673650907
22,399.273965159819
22,403.15033161693
22,442.191744172937
22,399.109260522187
22,399.882037281803
22,398.397796046497
22,398.309529908366
22,400.939096405974
22,402.61984381668
22,400.718171692413
22,400.452017992691
22,393.804700114121
22,395.082836558882
22,393.326456716893
22,396.347550257158
22,392.167436870519
22,396.326238944282
22,395.762960232715
22,391.173556057963
22,395.400253071718
22,392.561069412186
22,391.622348758142
22,393.353563353841
22,391.359971633134
22,388.689108259654
22,391.853270236369
22,388.026624962191
22,388.917994514817
22,388.302223893193
22,389.220168152438
22,388.328021850831
22,387.260833411316
22,388.739767468345
22,387.689812150935
22,385.728118041574
22,384.357507617626
22,383.585125350893
22,385.160428689413
22,382.244007994359
22,382.597425929041
22,386.82325507091
22,383.356124454801
22,387.613500068339
22,380.110975031863
22,381.819542974327
22,382.681927527142
22,379.189724260234
22,380.743666245225
22,383.182401237065
22,377.410554511141
22,381.122702389297
22,381.903235809589
22,379.687440290893
22,380.180042153959
22,381.625203604618
22,376.487154966917
22,377.1804116525
22,379.845665306986
22,376.282778550642
22,378.858951991432
22,376.542051187957
22,376.603151234681
22,375.747527538926
22,378.936567401379
22,378.686201884675
22,372.077427855167
22,374.064802632391
22,374.015332263426
22,373.094198027831
22,373.968811632824
22,369.85106470154
22,371.010691205599
22,371.469484527388
22,370.863498763132
22,367.980623878609
22,365.865969095824
22,370.367145972714
22,367.156575995279
22,367.132909802916
22,366.111210088313
22,366.554392635906
22,366.594355254516
22,364.492568423461
22,363.910109640766
22,364.807312236606
22,365.731774049525
22,364.118684778961
22,362.010175917305
22,361.744151279117
22,361.439680984767
22,361.028767004919
22,364.285843834662
22,361.306690205097
22,359.580387040554
22,359.505476293247
22,357.622912481486
22,359.647113554022
22,358.915485475393
22,358.225253617971
22,356.720190110412
22,356.856625604767
22,355.191099223491
1,15866.3166134029
