Load,Stiffness
4,576.6766346
4,588.1881445
4,581.1882289
4,592.2038786
4,583.6471055
4,590.3444266
4,594.9509826
4,589.1853169
4,585.9131064
4,590.2824884
4,581.876651
4,599.0978421
4,590.0901324
4,576.1111664
4,592.5677542
4,588.0471097
4,592.8935162
4,607.1538841
4,597.800675
4,583.8596078
4,585.9810865
4,588.7115002
4,580.3866234
4,580.3863388
4,595.5263511
4,596.5355235
4,594.0166978
4,602.0281625
4,587.6348709
4,589.7118951
4,593.7706374
4,597.1167415
4,588.488162
4,589.8682076
4,606.2548552
4,608.8085253
4,602.6813915
4,592.6016552
4,608.9748299
4,610.2617325
4,603.3920727
4,595.7060748
4,599.0393237
4,602.5804215
4,610.9582335
4,595.829481
4,612.1510103
4,604.6026856
4,595.9267503
4,621.0063491
4,603.679767
4,610.03384
4,602.466539
4,606.9755948
4,609.2248727
4,604.9918006
4,614.9425444
4,616.4413681
4,618.5406972
4,597.8621566
4,612.9745242
4,607.370672
4,621.4068062
4,599.7251225
4,609.0872294
4,611.6402858
4,610.9569564
4,618.0734475
4,614.1271928
4,612.219005
4,623.0111558
4,603.3245156
4,608.5879981
4,615.1062806
4,601.4412307
4,613.5548029
4,623.1139421
4,615.0989945
4,605.1551532
4,616.8360625
4,615.8465637
4,609.5263812
4,596.0026609
4,609.1117507
4,604.1693329
4,621.0388605
4,618.573418
4,607.0895249
4,622.9730735
4,612.7821294
4,610.7188221
4,614.8995729
4,617.3476193
4,603.1850017
4,611.2683572
4,612.1340279
4,614.1024239
4,629.6835819
4,608.3182898
4,619.5851799
4,629.9926838
4,604.2584342
4,616.7481019
4,615.3559245
4,614.8333982
4,612.2798158
4,616.0996468
4,613.4997824
4,612.5872952
4,612.7824644
4,613.080517
4,612.3157487
4,614.8806209
4,622.8521856
4,610.3087848
4,614.2646683
4,612.6037498
4,617.3002941
4,610.4274459
4,612.3672382
4,613.8312681
4,612.3297027
4,611.3380865
4,611.8592468
4,613.461899
4,615.4834366
4,613.6100041
4,615.8276632
4,616.7555077
4,613.3780912
4,614.7238511
4,616.5258902
4,613.9144183
4,615.2714615
4,616.8590507
4,613.5147123
4,614.6891326
4,612.1748764
4,617.1112415
4,617.2542245
4,617.7906467
4,617.2384794
4,617.7576052
4,611.7976857
4,618.5566292
4,617.8126631
4,617.0728836
4,616.7448595
4,614.7041212
4,614.7748575
4,612.0131376
4,613.6733255
4,611.4865263
4,610.1948134
4,608.9110421
4,614.2269806
4,615.7071084
4,613.5078273
4,615.6041363
4,613.9640541
4,614.2490518
4,615.8561535
4,615.581321
4,612.9769866
4,612.5106972
4,617.6156496
4,615.4220677
4,613.6274653
4,613.4427443
4,611.9985004
4,613.3501101
4,613.9270771
4,610.375447
4,615.2714701
4,613.0558964
4,616.041046
4,615.7979052
4,612.5624069
4,616.4738471
4,613.3850873
4,619.4551162
4,610.3363419
4,621.9869943
4,615.6210595
4,627.3058769
4,604.825381
4,606.0876185
4,608.2277439
4,608.1102502
4,603.5702098
4,614.0299939
4,605.7822578
4,610.2535833
4,619.4389372
4,618.3574233
4,619.899271
4,622.9635135
4,631.6616717
4,612.0278822
4,616.8191843
4,628.0820835
4,624.6784665
4,604.0829921
4,612.5898584
4,614.8638241
4,619.5445989
4,622.7857853
4,605.3251485
4,609.2898412
4,606.733998
4,626.2857619
4,621.5459416
4,635.5140453
4,612.6788498
4,590.8863297
4,615.3640442
4,602.4021391
4,610.8210165
4,616.26266
4,610.6556422
4,623.4006947
4,616.4448242
4,623.9403749
4,598.6319718
4,605.4836826
4,619.8399924
4,593.9233756
4,611.6279238
4,612.2565034
4,611.7079823
4,632.9933746
4,614.4196407
4,619.8001684
4,618.7324963
4,616.4003881
4,604.2198395
4,607.2267447
4,610.564419
4,613.6721359
4,601.6182427
4,613.695428
4,618.166833
4,617.1811384
4,617.3307686
4,614.9017551
4,613.2603579
4,616.0681887
4,623.9163191
4,616.3269706
4,617.8717264
4,607.0730187
4,607.7190382
4,616.9522186
4,613.3538531
4,617.2194193
4,611.7250443
4,610.883729
4,604.0724279
4,625.656006
4,616.5100107
4,622.486206
4,610.275689
4,611.1315797
4,626.0499334
4,621.1565774
4,616.1437783
4,627.4350198
4,617.9915851
4,613.9609291
4,616.6486271
4,630.1939198
4,608.8205592
4,607.5725267
4,623.9565751
4,609.5545007
4,609.5249359
4,612.4836849
4,604.5250459
4,619.5067816
4,607.4746372
4,628.9537729
4,606.074116
4,617.7026713
4,623.8597822
4,609.6627368
4,611.8078348
4,615.3103976
4,628.786525
4,614.2506413
4,607.4325567
4,622.8004528
4,619.9405832
4,611.3416222
4,624.6851946
4,607.9480161
4,609.3661648
4,618.0436073
4,608.4903926
4,615.4481609
4,615.4127431
4,618.3908598
4,620.4131845
4,633.3695436
4,624.8224539
4,617.7040361
4,611.2687708
4,619.000799
4,619.6829552
4,610.3315114
4,611.0078798
4,601.042974
4,589.3880374
4,607.0803632
4,615.3366513
4,626.6590827
4,623.4003885
4,605.9741822
4,604.3960755
4,596.9278133
4,624.7605456
4,611.1498658
4,620.3504815
4,624.2141468
4,613.1604925
4,626.326188
4,608.1822114
4,619.5698159
4,620.5101804
4,608.2251841
4,613.1650746
4,617.0559603
4,615.6161017
4,609.9778146
4,617.524904
4,615.9747214
4,613.8754849
4,612.0054097
4,614.6176315
4,614.527866
4,612.1082068
4,610.3577221
4,615.5202578
4,611.0187209
4,616.3246122
4,617.2148686
4,610.484668
4,608.9449572
4,610.5899189
4,610.7032255
4,617.002652
4,615.7507889
4,606.3853275
4,611.5069822
4,611.7041618
4,608.1272992
4,623.11788
4,623.3012312
4,619.0081153
4,606.7423291
4,608.2188328
4,610.2219874
4,611.8298989
4,622.4802726
4,617.6709286
4,620.8278028
4,608.6968862
4,623.7490369
4,607.1466139
4,615.9057149
4,610.9353826
4,608.8283588
4,610.6210863
4,621.6745028
4,611.4437996
4,604.7139166
4,606.5165895
4,623.1645196
4,621.9455325
4,617.9313256
4,619.8368113
4,613.379325
4,610.4642961
4,613.2356242
4,590.8659284
4,612.537414
4,610.6646109
4,610.3718358
4,603.0191128
4,603.1864801
4,597.65897
4,598.8457144
4,611.2343504
4,611.3229988
4,620.9390753
4,605.9178553
4,612.4663923
4,619.2495377
4,617.6686936
4,601.6883692
4,612.6817024
8,609.9234225
8,629.5134062
8,625.4915442
8,623.7555261
8,624.9685391
8,624.2256006
8,617.7223441
8,619.5221348
8,625.7554207
8,619.8006041
8,615.5475841
8,619.2239766
8,621.4096181
8,625.255054
8,621.5405321
8,620.1058287
8,623.9119898
8,616.7379733
8,622.7049027
8,613.0634068
8,617.9334513
8,617.7927509
8,618.119538
8,615.7358222
8,617.5484562
8,616.5282548
8,621.7072703
8,616.3873719
8,610.5740009
8,615.8700346
8,625.4774279
8,619.9400129
8,613.7948938
8,621.4269936
8,619.2817238
8,618.770306
8,619.83138
8,618.3890352
8,616.0006098
8,616.2960988
8,616.9386481
8,616.1944858
8,616.0626747
8,619.5636812
8,616.0749261
8,617.0480815
8,616.3779377
8,619.8092094
8,615.3180407
8,616.7186673
8,620.6431362
8,617.3447717
8,615.3140141
8,621.1019507
8,617.184984
8,614.5422848
8,615.3364647
8,616.6771988
8,623.7009346
8,615.661754
8,617.315284
8,616.5339875
8,615.9016693
8,611.0658523
8,619.5593179
8,619.6458104
8,612.6031072
8,617.3524519
8,613.7486866
8,611.2984168
8,623.0587013
8,615.9004442
8,615.6954619
8,603.3191165
8,612.1293312
8,618.6827405
8,614.5151646
8,618.9113908
8,616.9486351
8,613.7359414
8,615.6407289
8,616.7243691
8,615.9098186
8,611.5479647
8,616.4673329
8,611.6716101
8,616.286947
8,613.1192298
8,622.9044206
8,615.8714669
8,610.7580775
8,613.7409093
8,616.2242794
8,615.5302932
8,617.0223892
8,619.6799518
8,618.4104622
8,614.6208309
8,619.7190819
8,618.8485701
8,614.9467931
8,610.5298254
8,624.711779
8,626.6160705
8,613.2665969
8,616.7143836
8,612.4516127
8,618.5359164
8,615.7650631
8,615.7162179
8,613.3150819
8,613.7015373
8,618.7453343
8,609.6983306
8,617.1141868
8,624.1308591
8,613.0252868
8,619.1860569
8,616.3773883
8,615.848239
8,612.8808743
8,616.5675956
8,615.2900279
8,619.1796163
8,618.3106507
8,625.3206512
8,615.3840794
8,615.7419027
8,611.278885
8,611.1176467
8,619.264053
8,622.0342872
8,620.3917741
8,612.5877675
8,620.02945
8,615.8513449
8,617.9832644
8,612.9550534
8,613.7003316
8,616.1641426
8,613.7170377
8,613.5545799
8,613.4390744
8,612.588559
8,613.4094034
8,620.5851451
8,611.0254107
8,610.4804769
8,615.7070974
8,623.3737353
8,619.1244897
8,617.6063118
8,613.7942657
8,618.8324839
8,614.0190356
8,621.9746944
8,620.9876431
8,616.403658
8,624.1676262
8,619.1267223
8,617.6467897
8,619.5740133
8,620.3757211
8,624.2799594
8,619.9858278
8,617.4024498
8,615.9852193
8,614.5317692
8,616.2299376
8,617.5143207
8,618.2412153
8,616.6567728
8,617.4869741
8,623.5294198
8,614.0680593
8,620.6542737
8,616.3928159
8,614.701801
8,620.6247938
8,617.7679021
8,617.110516
8,618.0016962
8,611.6539599
8,621.9111631
8,611.7319215
8,620.0131542
8,618.776046
8,615.6535006
8,625.1037332
8,616.6185597
8,613.9824068
8,618.3329504
8,617.6676202
8,614.6796479
8,618.5916916
8,617.4211118
8,620.740625
8,619.1875591
8,615.240914
8,609.4344672
8,-127.0040453
8,614.7411718
8,610.4962528
8,618.6544728
8,617.2859319
8,621.2890025
8,614.6192368
8,614.9488239
8,618.5875779
8,620.7533827
8,615.0556247
8,616.1236928
8,617.3070141
8,624.5012785
8,616.4836297
8,617.771722
8,630.0282588
8,619.3338965
8,616.2323359
8,629.2617822
8,622.5963633
8,617.8548465
8,619.3261763
8,612.7854104
8,621.6367889
8,613.4132689
8,620.3647917
8,614.5813056
8,626.0072565
8,615.6366302
8,619.7502772
8,619.1853224
8,618.6763855
8,615.8451034
8,613.8071804
8,618.9421503
8,620.4902796
8,620.4750852
8,620.5232181
8,616.4655866
8,617.0618519
8,615.5412254
8,616.856135
8,619.4303992
8,622.777026
8,617.6387453
8,620.7679797
8,616.1397473
8,621.7119368
8,621.4702162
8,616.8172222
8,622.3196374
8,615.5852783
8,620.8969083
8,618.7285214
8,612.9065719
8,616.4834046
8,619.0028853
8,622.949884
8,629.1272277
8,622.4754634
8,620.0401715
8,622.6027433
8,617.5020102
8,616.3647878
8,616.3304369
8,622.8844428
8,618.0919009
8,618.1478183
8,622.6222993
8,619.8053254
8,618.3923981
8,622.2443947
8,620.7376537
8,621.6032979
8,622.8100013
8,619.5876712
8,617.9627993
8,616.4034196
8,618.5428859
8,623.2933351
8,619.5042686
8,620.883956
8,618.8832582
8,622.1581026
8,619.3395226
8,618.7401274
8,619.8219458
8,618.4168768
8,619.5932633
8,619.4177693
8,620.6115276
8,619.339751
8,622.2840677
8,619.3651714
8,621.9337535
8,620.9397355
8,620.2481311
8,621.7886807
8,619.8150059
8,612.6630409
8,619.8850209
8,621.8193027
8,614.3318938
8,618.3993095
8,619.067567
8,613.9072748
8,623.1627661
8,628.2426784
8,624.4307458
8,618.8158949
8,618.8268817
8,619.3029414
8,617.6899614
8,617.1521954
8,622.5354362
8,628.9329096
8,625.4356291
8,617.7872427
8,621.3542062
8,616.9957311
8,620.0646074
8,622.5689803
8,617.4135458
8,622.6082554
8,618.77906
8,625.6592091
8,619.2864239
8,623.919577
8,618.3533093
8,615.2773766
8,609.6341827
8,617.6310146
8,614.8280354
8,621.1477329
8,616.6054454
8,622.6620638
8,614.1531209
8,623.460935
8,621.904783
8,620.9895965
8,623.6328384
8,626.2658854
8,619.7211824
8,620.7174006
8,622.5476352
8,625.5785406
8,621.5166614
8,621.9467824
8,620.7263073
8,625.8432767
8,625.7496858
8,616.9973542
8,624.748257
8,618.0596166
8,619.305971
8,623.6923992
8,622.9997395
8,622.9849375
8,621.9209415
8,619.3406861
8,623.8087665
8,620.428455
8,618.9232174
8,619.8120982
8,620.6368133
8,618.3981681
8,620.980072
8,623.4957348
8,622.2250738
8,621.1751735
8,618.0914772
8,620.3500187
8,624.7506157
8,630.2279681
8,626.6448097
8,623.6588562
8,623.4630339
8,622.5690265
8,621.6743078
8,625.8256033
8,623.6005408
8,624.575285
8,623.9002578
8,612.8999296
8,620.3692061
8,619.3082336
8,621.4273793
8,622.4940601
8,616.1173756
8,614.8360039
8,624.5458485
8,626.3756563
8,628.5738379
8,613.0358995
8,614.7470111
8,623.0818598
8,624.1902195
8,625.3046087
8,613.835154
12,-230.4743525
12,640.7374396
12,634.7190557
12,636.5072595
12,634.665121
12,635.0694349
12,630.7135771
12,635.2320933
12,632.3953847
12,633.9861965
12,633.7799558
12,633.9517096
12,633.2647833
12,638.4507481
12,634.6817941
12,632.6325119
12,639.2113926
12,637.157731
12,631.7262863
12,628.7348401
12,632.3391083
12,629.8622109
12,634.337614
12,632.9603353
12,635.3187544
12,632.8742571
12,634.3582592
12,630.2709147
12,634.1507589
12,636.0226213
12,637.1498257
12,632.8937262
12,632.1241155
12,635.0115998
12,631.642131
12,637.1291907
12,633.6197563
12,633.1537312
12,632.9536318
12,631.3935992
12,633.0743051
12,630.226758
12,633.7295167
12,640.0504777
12,633.015664
12,632.2279864
12,627.9611933
12,635.4169602
12,634.5120404
12,633.1897717
12,632.10627
12,635.7459035
12,634.2408113
12,630.7356457
12,636.5703876
12,627.9591872
12,631.7069485
12,635.7954924
12,631.7158289
12,631.1660437
12,634.7519501
12,630.7725447
12,632.8830959
12,636.14702
12,632.7235673
12,629.4428372
12,633.0278292
12,632.1324983
12,634.013425
12,633.0562934
12,633.9757141
12,633.3575826
12,630.3988366
12,634.7858211
12,632.1055914
12,632.8387938
12,631.8994772
12,631.8453033
12,630.1213746
12,630.8079827
12,634.8910973
12,633.3395166
12,636.3801088
12,632.5360863
12,633.4037921
12,635.9269992
12,634.6000659
12,632.2334358
12,636.7379955
12,634.5016972
12,632.2045375
12,633.8073085
12,632.8270197
12,633.9716062
12,632.434175
12,633.2602403
12,633.1607385
12,639.4875114
12,635.5987187
12,631.3473598
12,633.1379713
12,631.2345291
12,636.0368243
12,633.7743639
12,634.6412389
12,631.3359178
12,633.7454112
12,634.8367909
12,634.4888178
12,634.3990414
12,637.8027186
12,633.4052858
12,630.3037409
12,631.0534203
12,634.5008638
12,631.110486
12,631.7428087
12,632.2043242
12,637.7882398
12,634.4106169
12,632.0670469
12,633.730583
12,635.3813669
12,635.0791221
12,641.5590316
12,632.2950412
12,633.7011734
12,632.4904869
12,633.3925936
12,632.9064035
12,634.5647817
12,632.0241531
12,631.3391487
12,632.3245869
12,632.675236
12,633.3553956
12,628.7498746
12,632.7893398
12,634.9710053
12,633.7432699
12,636.5280692
12,635.9821407
12,637.0921249
12,632.7999003
12,632.7506127
12,633.8996286
12,633.7874488
12,634.3936988
12,634.1112218
12,633.4839257
12,633.8270618
12,633.8396694
12,633.5358526
12,636.3117914
12,634.1550288
12,632.6111095
12,634.3680658
12,632.0288055
12,632.6485419
12,633.8952176
12,631.0314002
12,635.4421719
12,636.1512181
12,636.5913264
12,634.5563786
12,635.4676868
12,632.1402873
12,636.2404907
12,635.2504665
12,631.1088253
12,630.769479
12,629.1794989
12,632.986229
12,633.5134509
12,634.1237674
12,632.4834512
12,636.9809261
12,635.9900878
12,636.5251651
12,633.1661542
12,636.5961743
12,629.5122125
12,636.5408907
12,635.045859
12,637.9332501
12,642.4672295
12,636.6124002
12,633.8366556
12,630.2743989
12,633.6919993
12,636.596642
12,633.6511034
12,636.8512079
12,626.7283731
12,637.7502967
12,634.0168233
12,637.5951886
12,634.9331656
12,630.2492829
12,637.6970729
12,306.4193902
12,633.1709518
12,632.1428859
12,632.1171842
12,631.9347022
12,643.3316976
12,634.2199344
12,642.3513562
12,635.3264475
12,634.1264676
12,631.8062215
12,632.2072994
12,634.2586708
12,632.0218188
12,633.2097045
12,635.2748283
12,635.1810848
12,635.2213786
12,632.8865552
12,633.028497
12,635.4358123
12,630.6590765
12,636.9286477
12,632.1467896
12,630.0839639
12,633.656203
12,629.8254041
12,631.8591173
12,633.2949214
12,635.0001083
12,634.6926679
12,630.502198
12,630.9195567
12,636.1347125
12,637.9469061
12,637.3363442
12,636.9265222
12,638.1749382
12,632.9961533
12,633.5769915
12,637.8202702
12,633.0190811
12,636.477883
12,635.9227147
12,633.7491625
12,634.2942115
12,633.5857177
12,638.3005176
12,636.1565977
12,635.7864674
12,632.3708152
12,631.1689002
12,634.3540088
12,638.9061661
12,635.0602231
12,629.898022
12,639.9557332
12,636.2671912
12,639.727366
12,633.46986
12,633.3958448
12,635.8010887
12,635.2277989
12,636.751728
12,633.3660537
12,631.5472662
12,634.4776438
12,637.0755154
12,634.4884191
12,637.7049809
12,639.6977038
12,632.5998899
12,635.0604807
12,634.9910279
12,634.7186401
12,631.9861171
12,639.5442362
12,633.4251646
12,634.7278019
12,632.0905046
12,634.1261569
12,634.939962
12,635.0659727
12,631.9650535
12,639.2484562
12,635.6132292
12,630.9559156
12,632.4935664
12,633.6059878
12,632.7088822
12,632.2666406
12,631.3995285
12,635.2791872
12,636.6604107
12,642.0713112
12,634.7797479
12,633.8447987
12,636.33651
12,636.0733418
12,638.9430993
12,634.9743223
12,634.0984799
12,634.241716
12,640.641328
12,638.5656259
12,636.169417
12,635.123688
12,634.796963
12,636.5260086
12,633.5444135
12,639.0177058
12,631.7754929
12,636.0439158
12,636.7216309
12,633.7827158
12,634.0359115
12,636.0050339
12,638.4829592
12,635.0239105
12,636.0064668
12,635.1926686
12,636.2154989
12,636.5830166
12,634.6909583
12,638.0386448
12,629.5143986
12,636.1238659
12,636.079489
12,637.5061991
12,634.1615871
12,632.7300254
12,637.7143223
12,629.5626652
12,636.2350427
12,639.7836905
12,637.5456701
12,633.6648156
12,638.173894
12,636.3532294
12,632.6405369
12,638.5338161
12,636.7875517
12,637.5096822
12,633.8916
12,638.4594135
12,636.2185776
12,636.7514168
12,638.5682429
12,636.6386062
12,639.5475182
12,632.763238
12,639.4513824
12,641.2192035
12,634.3810437
12,633.6276592
12,634.4168038
12,631.0231023
12,638.3565672
12,640.5737802
12,635.3199443
12,633.0488244
12,636.2050735
12,631.7227321
12,635.6272872
12,638.8697135
12,636.9546983
12,635.8585446
12,634.9528238
12,633.0387927
12,632.3959633
12,633.1732548
12,639.367124
12,635.9154501
12,634.107077
12,636.284176
12,634.13582
12,637.6101891
12,637.8041956
12,632.4547693
12,637.2199566
12,632.5169481
12,638.9008814
12,638.0764119
12,636.437621
12,633.0299695
12,634.6150126
12,627.210709
12,634.3054545
12,636.9209436
12,632.3555387
12,627.5242919
12,637.5167351
12,634.9883918
12,637.9965717
12,634.0517827
12,636.393225
12,632.7281357
12,638.4364861
12,635.336192
12,631.3704639
12,3025.416431
12,638.6094548
12,639.4055331
12,640.2042001
12,640.8720577
12,638.7187442
12,634.9613401
12,639.9005067
12,638.7970755
12,638.5185236
12,640.8019172
12,640.0138421
12,640.8756425
12,640.0135141
12,636.1561232
12,634.9188249
12,639.1239672
12,638.9779045
12,639.6891551
12,645.6633367
12,640.9182588
12,644.6796706
12,643.0107433
12,642.5599709
12,643.0582137
12,639.4137313
12,640.834909
12,644.4722956
12,641.4064338
12,638.5538921
12,642.9118157
12,645.4960123
12,637.4114722
12,639.4467862
12,635.8037657
12,643.3779043
12,643.499211
12,642.1367904
12,638.426059
12,644.1354781
12,642.0836978
12,639.0812858
12,637.5761387
12,644.108857
12,635.9844231
12,635.3918337
12,636.6690002
12,638.5899129
12,637.714112
12,642.430803
12,637.2561962
12,637.6341363
12,642.991712
12,638.8401835
12,637.5155462
12,638.8184648
12,640.2350275
12,640.5240601
12,637.3563895
12,640.9318942
12,638.1026698
12,638.8463868
12,639.6478631
12,645.0132456
12,639.8348222
12,643.3839798
12,637.848733
12,641.4405147
12,638.9415156
12,638.5937142
12,640.9465093
12,641.606983
12,645.1206849
12,633.8708781
12,644.4858152
12,635.7954888
12,635.8606114
12,639.2764941
12,643.2763052
12,638.8659246
12,639.3142128
12,640.2492072
12,636.5826854
12,637.7067429
12,646.0100136
12,643.5648614
12,637.9487077
12,638.5696795
12,638.7355955
12,641.0407127
12,641.063689
12,641.9948245
12,644.407789
12,638.7283844
12,636.986176
12,644.3681484
12,644.4820901
12,636.8002356
12,642.4017212
12,638.4568591
12,637.7301478
12,643.6251284
12,640.9507823
12,638.6285299
12,641.8907807
12,640.5311066
12,642.5984713
12,638.6575701
12,636.7548066
12,639.0910209
12,637.1058371
12,633.9261506
12,639.3264494
12,637.4216452
12,644.8405538
12,639.0525046
12,637.1331161
12,638.0791175
12,643.904381
12,643.8054614
12,642.6882669
12,636.5736387
12,637.7424248
12,642.3118578
12,638.0318876
12,642.0191945
12,639.2758458
12,638.9676216
12,641.4427116
12,638.8707469
12,641.8812824
12,641.92504
12,642.8632796
12,637.9198841
12,640.1794131
12,642.3187509
12,641.284195
12,636.7992747
12,642.3886989
12,641.6618957
12,639.0929909
12,643.8539304
12,639.7116878
12,641.0059466
12,640.5587803
12,644.6753729
12,638.7123917
12,639.8000076
12,644.5182788
12,639.663066
12,637.4946459
12,641.4609083
12,640.5441465
12,641.2681094
12,638.579676
12,640.0380698
12,640.5999944
12,638.492322
12,641.5150662
12,645.6576452
12,634.0729268
12,642.0882543
12,639.0567644
12,643.143251
12,637.8923522
12,639.5080833
12,644.3049667
12,641.0268843
12,636.5071834
12,638.9317918
12,638.9976039
12,638.5495334
12,636.9411315
12,640.210523
12,639.5805207
12,638.4161625
12,638.6672227
12,641.8547901
12,641.0923367
12,638.7138639
12,639.8080101
12,645.9086163
12,640.4607097
12,641.0840461
12,640.7938466
12,644.2953775
12,637.8694533
12,639.4832529
12,639.2733616
12,636.6877245
12,642.3422352
12,637.3209781
12,645.5546645
12,637.1239138
12,641.2088489
12,640.9320012
12,638.9789365
12,639.5585188
12,642.3291753
12,645.4252676
12,707.3477346
12,645.3203767
12,642.6163291
12,644.8898666
12,648.5625465
12,645.5945571
12,645.7611987
12,642.9498964
12,645.8805752
12,646.0248215
12,645.3403548
12,641.8535942
12,640.1419229
12,642.7246529
12,647.8832701
12,643.9359185
12,644.8444818
12,648.7659254
12,645.2952035
12,646.6385268
12,648.201015
12,640.9948163
12,645.8599499
12,645.4041904
12,640.8911695
12,643.5236023
12,642.4704576
12,643.2069098
12,646.0396162
12,643.1842463
12,641.1009636
12,644.6931484
12,648.8383933
12,644.26509
12,641.2207552
12,642.0306034
12,649.5182014
12,639.7775139
12,641.1791977
12,643.1488319
12,643.7300054
12,643.7663438
12,648.7587042
12,639.6548443
12,641.2805076
12,641.2638877
12,647.0616795
12,642.4656114
12,642.8005309
12,646.5792029
12,647.0365171
12,644.1578907
12,644.9846737
12,644.2437252
12,639.8821556
12,643.679075
12,644.1144224
12,644.0603772
12,641.5602072
12,642.3920767
12,641.9769462
12,643.3665076
12,643.9516164
12,641.7974146
12,641.7405168
12,644.0804109
12,642.9110756
12,639.7840497
12,643.9919958
12,646.8459246
12,646.6097973
12,647.1470592
12,640.259031
12,645.1425425
12,640.1836754
12,646.4445494
12,646.2833262
12,645.1452543
12,642.9204814
12,640.73468
12,645.4955674
12,643.3961393
12,647.1966579
12,644.6554725
12,643.6867895
12,639.5408924
12,642.9939197
12,638.9007696
12,645.7169579
12,647.7627005
12,643.9284543
12,645.7437571
12,645.1732429
12,645.8356144
12,645.2621175
12,645.7859078
12,641.9393141
12,645.6552762
12,644.270204
12,648.4054825
12,641.648028
12,646.3285122
12,645.8480067
12,649.5917638
12,641.533727
12,643.244908
12,639.1610466
12,647.888873
12,642.8425567
12,645.3194679
12,642.2766394
12,646.2802073
12,642.8088712
12,645.8491695
12,647.5587952
12,652.8805518
12,643.1033898
12,644.5841155
12,646.228992
12,647.5269889
12,645.3187529
12,647.1027086
12,642.8991956
12,652.3948123
12,647.296423
12,648.5477524
12,645.8583572
12,644.042374
12,644.1621898
12,645.5047496
12,648.9820692
12,641.6391012
12,649.9365535
12,646.7322814
12,647.0500058
12,647.0577875
12,645.7772057
12,647.7391573
12,649.8507777
12,644.754317
12,641.5422705
12,642.5118593
12,644.5740979
12,647.3175969
12,647.243685
12,643.4129789
12,644.1211614
12,644.7730878
12,643.6045455
12,648.0494046
12,644.6499656
12,648.9124072
12,643.2649574
12,650.1584688
12,647.235509
12,646.3231488
12,646.8321258
12,646.1891921
12,647.0320642
12,647.0039899
12,646.9233508
12,646.908221
12,643.3513814
12,646.0592829
12,642.061968
12,647.8620737
12,644.0620076
12,649.5564465
12,647.1891361
12,643.1112709
12,645.195547
12,639.2599487
12,644.8821776
12,648.1951479
12,651.3697041
12,646.2495696
12,644.215257
12,649.7887371
12,644.6316175
12,648.0848836
12,643.8667641
12,641.4210475
12,640.2273078
12,643.155348
12,646.6381513
12,647.2173682
12,645.5293435
12,645.969643
12,649.5606617
12,647.1226963
12,643.536763
12,645.6354356
12,646.1128317
12,646.6388974
12,650.1686497
12,642.6851572
12,645.5661245
12,643.907289
12,648.0436384
12,647.517541
16,-1476.658008
16,656.3400027
16,658.0694017
16,655.3239856
16,654.9054511
16,655.0032143
16,657.5975945
16,656.4239005
16,655.2336359
16,655.8212802
16,658.056166
16,656.1076241
16,658.9787815
16,654.5616794
16,655.1841126
16,659.0589837
16,654.8551294
16,651.0626266
16,653.7424879
16,653.1855494
16,655.6239054
16,654.4539347
16,652.2182183
16,651.0255204
16,655.3383642
16,653.0557034
16,648.0986931
16,654.383187
16,655.1874047
16,655.9628006
16,650.9996072
16,653.4102296
16,654.2505887
16,652.7838727
16,652.6314803
16,649.8840258
16,655.2573333
16,650.9109868
16,654.2564923
16,648.3956676
16,654.8817158
16,650.590716
16,652.2033814
16,651.1367818
16,649.9797603
16,653.6817044
16,649.3461667
16,651.9940619
16,650.315039
16,647.9642344
16,651.9399709
16,652.8202374
16,648.0327276
16,649.7638532
16,653.329923
16,648.6007016
16,649.4691977
16,651.1334744
16,650.4463686
16,651.0274899
16,652.7753597
16,654.4774096
16,651.7150728
16,650.1934943
16,649.9432045
16,648.0540981
16,651.5914615
16,648.4791998
16,652.0410302
16,649.6841232
16,650.2129903
16,651.7437247
16,651.7550226
16,649.2242166
16,650.3716159
16,648.8374177
16,654.432567
16,651.5662213
16,653.9738284
16,651.6117856
16,650.8311246
16,649.90773
16,648.3650919
16,653.6947925
16,650.4237192
16,651.9418663
16,651.514436
16,649.8971684
16,646.2090428
16,652.4884592
16,654.5878318
16,649.8435265
16,651.7371578
16,649.2973795
16,651.6815107
16,650.1671345
16,652.0132325
16,646.840949
16,653.5892733
16,650.2382569
16,649.085937
16,649.0711772
16,649.5943479
16,652.657225
16,648.9154838
16,648.0077161
16,650.5802416
16,653.0990259
16,646.7830253
16,650.235997
16,647.0528507
16,651.7285154
16,648.2317538
16,649.2784008
16,649.3350869
16,653.4830545
16,649.8850143
16,647.6103854
16,649.0348333
16,650.0199731
16,649.4844612
16,650.9742144
16,651.5410212
16,652.8733005
16,647.531888
16,651.4209973
16,647.3122094
16,646.8285645
16,645.5699196
16,649.3320334
16,650.0715542
16,649.8069252
16,649.9372351
16,648.2749784
16,650.4333596
16,652.568171
16,649.9300427
16,650.8768063
16,652.3320598
16,652.5786154
16,648.8159133
16,648.7655454
16,649.9360491
16,648.2005842
16,652.9079728
16,646.4101698
16,648.4489473
16,646.4518573
16,650.5627841
16,649.5680683
16,654.0541779
16,651.0338138
16,648.5100172
16,650.003861
16,652.7664553
16,647.2508441
16,650.9245729
16,649.9852934
16,649.7890433
16,646.9742295
16,650.5820941
16,651.5194883
16,648.4612877
16,650.6329636
16,648.6596294
16,648.0030324
16,649.4825242
16,649.458698
16,646.3544545
16,648.4980961
16,646.461248
16,648.8673537
16,647.8961538
16,650.4728759
16,646.4642165
16,648.4075159
16,645.6990333
16,650.7967273
16,650.2619224
16,651.4522582
16,646.8892393
16,649.7864181
16,647.497217
16,650.3116754
16,649.0252267
16,651.5459353
16,650.1549398
16,651.7178789
16,643.9656941
16,651.1301621
16,649.6872363
16,649.2542486
16,650.6051981
16,649.4213589
16,651.3911846
16,648.543556
16,649.019938
16,649.8572245
16,648.1441185
16,647.9760048
16,3657.20465
16,653.102462
16,646.5273191
16,648.0982044
16,645.9754823
16,647.4280802
16,648.2616977
16,645.8685485
16,646.4121845
16,645.0625445
16,651.2753602
16,649.9631393
16,645.1002518
16,648.8401486
16,647.9593033
16,647.3583768
16,647.6284885
16,649.4657649
16,647.7514735
16,646.6608317
16,650.0099097
16,647.0137026
16,649.7617609
16,647.6355767
16,648.5886286
16,649.2444098
16,651.2215329
16,645.8160413
16,648.4571311
16,647.0380669
16,648.6549104
16,647.7860059
16,649.1350492
16,647.6959206
16,646.5879942
16,647.8822292
16,645.8324644
16,650.4222602
16,648.142113
16,646.3052871
16,648.9185267
16,644.7047078
16,646.7013971
16,648.4250514
16,651.1082381
16,646.013371
16,646.9101641
16,646.483919
16,648.0727088
16,648.0883392
16,649.5810248
16,649.4893254
16,647.0416951
16,644.8573813
16,649.3082723
16,644.9037298
16,650.0756685
16,646.760565
16,648.5277609
16,647.5202485
16,648.865797
16,648.8828982
16,651.4600551
16,645.5685365
16,647.4367
16,649.3073735
16,651.7365201
16,649.9680114
16,646.5610961
16,647.6368142
16,649.1249052
16,648.1972208
16,649.364648
16,650.295729
16,647.5460671
16,648.0476849
16,650.1349164
16,646.6332171
16,649.9213561
16,650.4105168
16,645.7104224
16,647.8736349
16,645.926743
16,647.8453173
16,650.5658549
16,652.4153565
16,649.8584658
16,646.9025103
16,648.4888316
16,647.6822756
16,648.9889696
16,646.93962
16,650.4706454
16,646.1707641
16,648.0421969
16,649.1106431
16,649.8506997
16,650.3993158
16,644.2924258
16,649.4014082
16,644.4652356
16,646.7554386
16,648.0141849
16,647.2155471
16,646.0126763
16,652.0107603
16,647.1597912
16,647.0130321
16,646.1987592
16,647.5990655
16,645.6134557
16,651.354306
16,644.4905508
16,648.7345996
16,649.8158774
16,644.0149539
16,651.1673623
16,647.6983149
16,648.8294971
16,644.1678104
16,646.8784142
16,648.9014488
16,647.6559182
16,649.7441647
16,647.2691066
16,644.6263755
16,647.9332852
16,648.0297302
16,647.9877857
16,649.7045293
16,650.7175676
16,647.8254769
16,647.7927906
16,646.3104453
16,646.5848029
16,650.86007
16,651.4501026
16,647.9388647
16,645.837676
16,650.0141721
16,646.1491814
16,648.4083022
16,646.83884
16,647.4531755
16,647.8368256
16,646.8424299
16,647.5086585
16,650.6747579
16,648.7026818
16,648.2027281
16,647.3129144
16,649.0890501
16,647.6485678
16,647.5991578
16,648.3684231
16,647.7962231
16,647.4583893
16,647.7321721
16,648.6693497
16,647.3849122
16,647.1238098
16,648.6408146
16,646.9912086
16,647.8659458
16,644.4073781
16,646.5944714
16,648.648107
16,650.0556633
16,647.2612641
16,649.4989807
16,644.1672446
16,647.1406306
16,645.3539691
16,644.8685128
16,649.0334182
16,650.7947257
16,645.7560867
16,647.7174245
16,645.9362281
16,648.19287
16,646.3737053
16,650.418702
16,647.2598555
16,646.1839513
16,643.3944497
16,647.6207252
16,647.8244682
16,643.9448866
16,648.6786594
16,649.4181675
16,650.1922477
16,646.5186456
16,646.9923286
16,649.0668834
16,648.4688809
16,646.5618855
16,644.9468909
16,648.6582022
16,645.4830258
16,648.6649439
18,5288.999178
18,651.1422416
18,649.0476942
18,647.3050247
18,649.2866216
18,646.6125687
18,646.0183066
18,650.3774533
18,645.7471666
18,648.3593327
18,650.1881016
18,648.8801589
18,646.6345918
18,651.3132728
18,646.6268393
18,648.2870072
18,649.9743379
18,648.3971548
18,648.164699
18,651.9630501
18,649.5833159
18,649.6342452
18,646.3416995
18,646.2957548
18,647.7578899
18,645.1421116
18,646.4665359
18,646.3157677
18,646.5644035
18,647.0014047
18,645.4076878
18,644.2677728
18,647.3812248
18,649.8656419
18,643.9682139
18,649.3761688
18,649.0224764
18,644.1340939
18,648.3591877
18,646.5068875
18,649.3460982
18,646.1313034
18,650.7007275
18,646.990298
18,648.5749281
18,645.7858924
18,644.152449
18,647.397731
18,646.698746
18,650.1268538
18,642.8030201
18,647.2611483
18,644.2570656
18,649.0139164
18,643.8895716
18,645.2353205
18,646.6290751
18,646.5116433
18,643.8722385
18,643.6535858
18,643.2727898
18,641.3272074
18,645.8713734
18,644.7438422
18,646.4327852
18,645.0220702
18,644.0479696
18,643.7032675
18,643.948407
18,645.2489626
18,639.8442083
18,645.754471
18,643.2577224
18,644.687191
18,643.1933602
18,648.3812582
18,644.2568289
18,646.2737553
18,642.8556312
18,642.6345871
18,644.0617031
18,640.8020177
18,643.7350751
18,642.6439706
18,643.71767
18,641.5965709
18,640.5163577
18,642.926694
18,639.3073489
18,645.9128014
18,643.4307881
18,644.3170657
18,644.3369484
18,647.4991432
18,644.3333071
18,642.6775223
18,643.1330769
18,647.0315374
18,644.6051297
18,644.694119
18,639.929002
18,640.2977855
18,641.9280758
18,642.0253061
18,638.7688626
18,640.0601346
18,641.7873711
18,642.914066
18,643.2175657
18,643.2999857
18,643.1285411
18,641.1337429
18,641.1640358
18,643.7319643
18,641.8174788
18,640.4947297
18,640.8967326
18,640.6375846
18,642.1051324
18,641.0389186
18,640.2129459
18,642.2476582
18,640.1280689
18,641.6533107
18,641.6118944
18,639.9711211
18,640.9325083
18,638.1149302
18,639.7909261
18,642.607034
18,639.0019829
18,640.8691067
18,640.0043798
18,639.7397283
18,643.8384976
18,637.882091
18,639.0620212
18,641.0737147
18,641.4040622
18,641.5125903
18,641.6317902
18,641.3100729
18,641.9772238
18,638.1636716
18,638.7321777
18,640.5997687
18,639.0340399
18,642.6436792
18,641.5147904
18,634.9350741
18,635.4624308
18,641.9313632
18,637.2672298
18,640.4878468
18,636.228
18,637.0361048
18,637.6931698
18,641.6645333
18,638.0772075
18,640.6213798
18,638.5255799
18,640.2828563
18,639.6858755
18,640.2017672
18,635.0151207
18,637.8221939
18,640.1556973
18,639.3216482
18,638.3351221
18,636.8542437
18,642.1185046
18,637.4774841
18,637.1005559
18,642.0051905
18,639.2509915
18,639.2191331
18,637.7300464
18,640.0416939
18,635.7416672
18,636.3491772
18,636.9924136
18,639.4910162
18,638.6939021
18,638.7926401
18,641.811233
18,638.2879789
18,636.8325554
18,635.9822001
18,637.129914
18,639.2166286
18,636.1896025
18,640.3394023
18,638.5424773
18,638.4320815
18,637.8580577
18,638.2707583
18,637.2823839
18,637.9611433
18,634.7536392
18,636.2724431
18,1146.864293
18,634.5999089
18,635.5642794
18,633.3960867
18,634.1882481
18,635.5385097
18,636.076985
18,634.5582645
18,634.9513989
18,634.0939233
18,634.7510124
18,635.6768597
18,635.8865464
18,638.0992564
18,633.6041074
18,634.6634715
18,636.2641817
18,637.8863381
18,635.0478291
18,630.037023
18,634.0414917
18,630.3367564
18,635.7929215
18,630.6069633
18,632.6949664
18,633.9519371
18,635.2292108
18,636.1426782
18,631.7956537
18,633.8358741
18,635.3270864
18,636.0969227
18,634.8024072
18,636.6699605
18,630.2631824
18,632.754266
18,633.4282295
18,633.6111422
18,633.915857
18,633.881952
18,633.54832
18,633.9709302
18,633.9949615
18,632.3873784
18,630.4451649
18,632.2945876
18,634.1737302
18,632.8044489
18,633.0019535
18,631.5673533
18,633.5794545
18,635.8444425
18,633.9480178
18,633.6544708
18,634.3736839
18,633.6921265
18,633.9296208
18,633.1648461
18,632.6893083
18,632.8267801
18,633.4829476
18,632.5755229
18,630.9282926
18,629.0673274
18,634.6794012
18,633.0099914
18,629.7449809
18,633.6805037
18,633.1757328
18,631.518537
18,631.799739
18,633.9279685
18,633.2119648
18,633.26829
18,633.4379911
18,632.2032157
18,632.6603474
18,633.9229879
18,634.8562139
18,630.6301409
18,630.5813717
18,635.0940352
18,630.4252387
18,628.7001664
18,630.5547128
18,630.7193165
18,633.3867405
18,632.5938812
18,631.6034303
18,631.6027833
18,633.4559891
18,633.2367615
18,631.6298803
18,627.8391177
18,630.7001297
18,633.7342393
18,634.5526902
18,632.7442569
18,637.1613218
18,629.8050084
18,629.226868
18,635.24185
18,633.505304
18,632.2614426
18,634.0433037
18,628.9107648
18,630.1231999
18,626.7415546
18,632.0906345
18,631.5941973
18,630.5200979
18,631.9064522
18,632.0724321
18,632.5008687
18,630.5214496
18,632.2818405
18,630.0577904
18,630.5145538
18,632.0698765
18,629.4869668
18,628.7694393
18,633.3024973
18,633.5711975
18,630.8632695
18,631.8900914
18,629.7220893
18,631.3110819
18,633.135275
18,629.3207988
18,628.8196761
18,627.8268013
18,630.8801186
18,632.024884
18,629.9996713
18,631.1016064
18,627.9846408
18,632.380559
18,630.7951631
18,630.2831491
18,632.1545981
18,627.9617205
18,631.8689703
18,631.9044478
18,628.8472947
18,632.2413515
18,627.2596875
18,628.6781267
18,627.9650816
18,631.6866876
18,631.8662717
18,631.9119262
18,630.033331
18,629.2702342
18,628.1375991
18,626.8077866
18,631.8558386
18,631.4905652
18,632.6505639
18,629.3874707
18,627.3453925
18,629.3770373
18,629.1200987
18,625.3158216
18,626.9191831
18,630.4327376
18,629.507605
18,627.0721791
18,628.3029421
18,629.3028833
18,628.6529356
18,628.7412844
18,627.2447069
18,631.225736
18,624.8684952
18,628.9215898
18,628.8809333
18,627.5363204
18,630.3304097
18,624.6767552
18,625.9146748
18,627.6244632
18,629.4417518
18,631.3682713
18,625.5535943
18,626.3167218
18,631.3695064
18,627.0763469
18,629.2579966
18,626.6931531
18,629.6357459
18,625.6006694
18,626.6547184
18,630.8145935
18,625.346716
18,627.0517811
18,626.9490705
18,628.7834105
18,628.4899259
18,627.6385103
18,625.6612854
20,6999.412516
20,624.6118323
20,621.9710883
20,623.2022953
20,622.3379324
20,623.795698
20,619.0081575
20,621.4089132
20,620.9679067
20,621.9408589
20,617.4318653
20,622.9790092
20,619.1262987
20,617.2276621
20,617.7519856
20,619.5051784
20,619.1543058
20,616.0314301
20,616.9087544
20,617.7243186
20,614.7494841
20,615.4899801
20,616.7892991
20,618.4980519
20,612.6036034
20,614.4181914
20,616.2331021
20,615.4999121
20,614.988339
20,612.6722838
20,617.7326823
20,612.7405543
20,610.6121696
20,607.5882162
20,612.308698
20,610.1689089
20,611.7232226
20,611.5813233
20,611.3920161
20,610.6009982
20,609.3956577
20,608.8074252
20,607.3938318
20,607.6943986
20,611.7254955
20,611.2007182
20,610.9311476
20,610.0674216
20,610.69946
20,606.5296498
20,606.5168881
20,609.6296229
20,608.63168
20,612.1058365
20,607.4734411
20,607.0525473
20,607.3625095
20,607.8912825
20,608.1662362
20,606.3203561
20,605.4585632
20,607.2247286
20,603.5033523
20,605.7599386
20,608.9084675
20,601.4503599
20,603.5892596
20,604.191831
20,601.946134
20,604.3252716
20,603.8782981
20,600.7711248
20,602.658254
20,602.2744738
20,601.6555132
20,604.1002399
20,602.7948701
20,599.258968
20,602.4193745
20,600.383416
20,599.9642986
20,600.6642432
20,598.5157768
20,597.7547346
20,597.2108957
20,596.372796
20,598.6968251
20,595.8667119
20,598.0131266
20,596.3640348
20,595.5891043
20,600.9923148
20,598.7963492
20,595.5607655
20,595.4796655
20,594.1689629
20,597.3753466
20,598.113283
20,595.4848673
20,593.2896279
20,6165.155228
20,593.1818337
20,595.5863169
20,589.6163829
20,596.2426155
20,594.6645982
20,591.2924378
20,590.7377291
20,591.7032584
20,593.4614265
20,590.719373
20,590.6948561
20,590.479681
20,593.2556641
20,590.3647854
20,592.2229958
20,588.0474037
20,591.0119522
20,588.8597697
20,587.5250525
20,590.4288649
20,590.5273873
20,590.9981442
20,591.880298
20,588.8581031
20,591.5223363
20,588.1591897
20,587.9514582
20,587.7085929
20,585.5116238
20,588.2395136
20,588.3088229
20,583.6949441
20,589.635307
20,586.0317043
20,586.2413094
20,587.209634
20,585.724
20,586.990711
20,589.5366281
20,582.9085096
20,585.6594244
20,585.6328882
20,585.0847365
20,581.9919464
20,586.7198745
20,585.0150975
20,582.7502995
20,586.2631865
20,583.521487
20,583.8032636
20,585.1149245
20,584.0874441
20,583.583993
20,581.5005747
20,585.1994936
20,580.5606301
20,582.3918478
20,585.6596767
20,583.418898
20,580.2737643
20,582.4235645
20,579.4042695
20,582.1121005
20,581.4596554
20,580.5483013
20,578.9820146
20,577.1905931
20,579.5920745
20,582.1534268
20,578.6630838
20,578.6933092
20,580.1666905
20,579.5908721
20,580.9068009
20,580.9248584
20,578.6022163
20,579.0158246
20,577.439356
20,579.1074408
20,578.5213501
20,578.4542944
20,577.5923518
20,577.4231343
20,577.8529303
20,575.5975416
20,578.8637074
20,578.0197822
20,573.9300811
20,572.9983197
20,575.4607576
20,576.1028683
20,574.9509778
20,575.9981529
20,571.3221373
20,571.6386472
20,573.5991259
20,572.2578119
20,576.1205783
20,576.4878412
20,4150.760964
20,573.9458417
20,574.2157575
20,572.6109231
20,573.6976269
20,573.2826244
20,573.1754067
20,574.560336
20,570.731024
20,574.2941233
20,572.3454087
20,571.9996259
20,570.1079546
20,571.2564743
20,571.4930846
20,566.9836889
20,571.7569146
20,572.1452385
20,567.2786803
20,571.907963
20,571.9992394
20,568.140139
20,569.3330484
20,570.5598261
20,569.6438641
20,570.5805481
20,566.1647379
20,569.0718867
20,570.4558018
20,565.7063117
20,567.2690751
20,567.1210261
20,567.6326303
20,569.1251484
20,565.1452545
20,570.7365873
20,565.0029034
20,568.1889568
20,571.3520489
20,566.5240039
20,563.3994696
20,567.6899042
20,567.0913428
20,565.634848
20,563.203827
20,567.8334198
20,568.2575709
20,563.4693958
20,564.8166759
20,566.2317972
20,564.5314569
20,561.4380754
20,561.3745249
20,560.8415168
20,563.1862379
20,563.557562
20,563.9446973
20,561.68573
20,562.2179662
20,562.6009534
20,562.7948819
20,563.0761102
20,562.4423482
20,560.9200551
20,562.1424225
20,561.5928485
20,559.7464244
20,562.4355334
20,559.8799149
20,556.8824837
20,563.3824745
20,561.2721208
20,559.4781435
20,557.8173158
20,558.155403
20,561.9815129
20,560.6063087
20,559.7435152
20,563.3072912
20,555.1554955
20,556.7898316
20,560.8306419
20,558.7831337
20,559.2107435
20,560.0681275
20,556.5034775
20,557.5239133
20,558.5070728
20,557.4462429
20,558.5749134
20,555.7434761
20,556.2555978
20,555.8257911
20,554.3989959
20,560.5891366
20,560.3264776
20,554.8415286
20,555.1913185
20,561.5262444
20,552.0096917
20,3647.046239
20,559.3814913
20,557.1937342
20,557.0767632
20,554.7112401
20,556.1557207
20,555.1613688
20,556.0051119
20,555.5107799
20,555.6888431
20,555.07531
20,553.3511739
20,553.9610253
20,552.7860962
20,553.6531911
20,552.5512365
20,553.5623697
20,555.2068133
20,553.2937488
20,554.84557
20,551.796802
20,556.1301774
20,552.6257215
20,552.1885722
20,553.9144995
20,552.8222124
20,550.6327314
20,554.9370285
20,550.3748111
20,552.931623
20,551.6666274
20,551.5047893
20,550.042534
20,550.7799074
20,551.0216584
20,550.9856268
20,550.8816424
20,550.9973904
20,552.5753515
20,548.2039937
20,550.6625977
20,545.7096358
20,550.0243302
20,546.3327693
20,545.0080672
20,547.5420475
20,548.8027845
20,548.5869569
20,549.0721063
20,547.5282065
20,548.7235996
20,547.8739293
20,544.5968937
20,547.5451373
20,544.593752
20,545.258868
20,545.2091637
20,544.8413489
20,543.9174059
20,550.7559017
20,544.9233598
20,545.0091972
20,546.7462664
20,545.5045578
20,546.2153167
20,544.9346673
20,543.9961612
20,545.1739932
20,545.7972896
20,542.1674761
20,544.3787444
20,543.4388334
20,547.0953613
20,545.4893616
20,545.7924825
20,543.5058496
20,539.5463582
20,543.0113256
20,545.2284502
20,544.1604673
20,543.0979431
20,543.2001023
20,540.0050457
20,540.986475
20,540.337128
20,541.9877083
20,544.5921905
20,540.5065257
20,541.4143223
20,541.1559066
20,540.1336271
20,539.2892006
20,538.6217879
20,537.364683
20,539.5507464
20,540.7453583
20,539.4506919
20,540.0312577
20,541.7952638
20,536.8272944
22,8617.929302
22,526.9677792
22,527.4524475
22,530.2663042
22,526.7732253
22,521.246998
22,526.0081691
22,524.2820789
22,526.1027887
22,527.2470026
22,522.7732631
22,524.2993999
22,520.8668967
22,521.4204818
22,520.4090137
22,520.5972663
22,516.979872
22,516.8754674
22,520.1807199
22,520.0738084
22,514.0810058
22,518.6781093
22,514.8470675
22,515.0493032
22,512.2630392
22,515.9396453
22,511.1231426
22,516.321487
22,511.0567194
22,513.0102383
22,510.0429082
22,513.6658412
22,508.6618883
22,516.1812621
22,512.8439433
22,510.0761014
22,510.7526252
22,509.77371
22,504.7114197
22,512.6279368
22,507.3041427
22,510.4859868
22,505.2094589
22,507.9092439
22,505.0970409
22,503.1373568
22,505.5923384
22,503.6044394
22,505.2671403
22,503.4459431
22,501.1950417
22,498.4133039
22,499.512299
22,498.3478922
22,501.2684519
22,501.3671333
22,501.4315204
22,499.3702086
22,496.3841375
22,494.6302365
22,493.373628
22,497.9254575
22,495.2813079
22,497.4365353
22,495.4098242
22,494.857297
22,491.8446638
22,492.7794535
22,489.9312493
22,492.4232617
22,491.2927071
22,489.1983316
22,491.0339631
22,492.1084847
22,488.9939144
22,487.1488425
22,484.0779151
22,492.3138854
22,486.292668
22,490.1183245
22,489.2199804
22,485.3346994
22,486.9148684
22,487.15351
22,482.4865279
22,486.7488165
22,487.9637944
22,484.2248679
22,487.0270769
22,483.6184906
22,482.658178
22,482.7808263
22,484.4247121
22,480.4359215
22,483.4391963
22,481.9929449
22,482.8051705
22,484.1318015
22,478.6772978
22,481.2941705
22,-3436.345274
22,478.1658261
22,481.184075
22,480.7093399
22,479.3920529
22,479.2483809
22,478.5968241
22,473.6233079
22,475.9812827
22,477.1122205
22,476.5367241
22,474.4451404
22,473.4827079
22,473.7617042
22,475.3317002
22,469.6880411
22,469.2239065
22,474.049678
22,474.1001154
22,470.0227124
22,469.813127
22,470.8968363
22,474.0052542
22,473.3638668
22,471.417697
22,468.8684998
22,469.8494251
22,470.9062258
22,469.5399393
22,467.6066749
22,466.7032341
22,465.2863979
22,468.3523727
22,467.500134
22,468.111283
22,465.0850537
22,465.0973669
22,464.4638102
22,465.2749518
22,467.8197455
22,465.6134387
22,461.4208559
22,465.634243
22,466.292177
22,462.3173522
22,461.2990652
22,462.9984502
22,460.7588252
22,463.1188538
22,459.1638253
22,460.4165948
22,457.2336099
22,460.0757386
22,459.7467548
22,457.8820918
22,458.2567828
22,456.747022
22,459.9587162
22,455.442952
22,460.4616516
22,455.8860507
22,456.2898487
22,456.6219085
22,454.9336172
22,457.638915
22,453.5890153
22,453.2213822
22,454.4789277
22,454.7825713
22,456.0442908
22,456.8960463
22,453.0940652
22,450.0357422
22,452.7094857
22,447.6714207
22,454.4740031
22,452.3193956
22,452.7176838
22,450.9889336
22,450.065069
22,449.8386662
22,449.3805203
22,448.7930959
22,449.8758246
22,448.3646498
22,447.4925385
22,446.8883819
22,444.1522603
22,450.0070213
22,446.6656522
22,450.7719335
22,445.0432308
22,446.7989938
22,441.6531794
22,447.2356868
22,443.0800134
22,440.6806268
22,444.5113852
22,442.0356462
22,440.5974223
22,477.9003634
22,437.2288455
22,439.7479164
22,442.711574
22,440.591151
22,438.1507414
22,437.8188513
22,440.0605415
22,439.9126936
22,439.4493388
22,437.4498947
22,436.4127266
22,436.421721
22,433.1632808
22,434.6840812
22,435.8235647
22,434.7316065
22,435.297094
22,436.8798232
22,435.2820957
22,436.2976071
22,433.9120548
22,435.4785332
22,431.2012668
22,432.1282943
22,430.9018313
22,428.9990163
22,430.5910981
22,427.9210933
22,431.9817196
22,431.9697963
22,430.540056
22,427.152249
22,431.4701488
22,428.2687025
22,428.3649434
22,421.7945701
22,429.1373813
22,423.5753111
22,429.1912193
22,422.0499227
22,430.0854704
22,422.1535681
22,423.6920451
22,425.1949437
22,424.2780039
22,421.4511124
22,425.5754428
22,423.7927142
22,423.5753595
22,421.4384726
22,421.1316639
22,420.0534582
22,424.0402753
22,424.6556736
22,425.4751624
22,416.5442885
22,419.5737774
22,418.7423785
22,418.1957574
22,418.9303718
22,416.0945043
22,421.2867093
22,419.039819
22,414.9334814
22,418.263932
22,419.473372
22,412.7126653
22,418.2419065
22,414.4855351
22,414.5886814
22,414.5692216
22,415.5502665
22,414.5630707
22,413.4486331
22,413.5132441
22,413.0876036
22,412.5483356
22,412.8778257
22,411.4861022
22,409.2349913
22,408.2802814
22,409.8830242
22,409.645203
22,406.9886844
22,408.6476045
22,406.8446186
22,408.0045717
22,407.38379
22,406.8998419
22,405.8249978
22,407.2964736
22,400.5286655
22,402.8421205
22,401.9867363
22,402.0822985
22,401.1682238
22,402.0346737
22,399.2739652
22,403.1503316
22,442.1917442
22,399.1092605
22,399.8820373
22,398.397796
22,398.3095299
22,400.9390964
22,402.6198438
22,400.7181717
22,400.452018
22,393.8047001
22,395.0828366
22,393.3264567
22,396.3475503
22,392.1674369
22,396.3262389
22,395.7629602
22,391.1735561
22,395.4002531
22,392.5610694
22,391.6223488
22,393.3535634
22,391.3599716
22,388.6891083
22,391.8532702
22,388.026625
22,388.9179945
22,388.3022239
22,389.2201682
22,388.3280219
22,387.2608334
22,388.7397675
22,387.6898122
22,385.728118
22,384.3575076
22,383.5851254
22,385.1604287
22,382.244008
22,382.5974259
22,386.8232551
22,383.3561245
22,387.6135001
22,380.110975
22,381.819543
22,382.6819275
22,379.1897243
22,380.7436662
22,383.1824012
22,377.4105545
22,381.1227024
22,381.9032358
22,379.6874403
22,380.1800422
22,381.6252036
22,376.487155
22,377.1804117
22,379.8456653
22,376.2827786
22,378.858952
22,376.5420512
22,376.6031512
22,375.7475275
22,378.9365674
22,378.6862019
22,372.0774279
22,374.0648026
22,374.0153323
22,373.094198
22,373.9688116
22,369.8510647
22,371.0106912
22,371.4694845
22,370.8634988
22,367.9806239
22,365.8659691
22,370.367146
22,367.156576
22,367.1329098
22,366.1112101
22,366.5543926
22,366.5943553
22,364.4925684
22,363.9101096
22,364.8073122
22,365.731774
22,364.1186848
22,362.0101759
22,361.7441513
22,361.439681
22,361.028767
22,364.2858438
22,361.3066902
22,359.580387
22,359.5054763
22,357.6229125
22,359.6471136
22,358.9154855
22,358.2252536
22,356.7201901
22,356.8566256
22,355.1910992
