Cycles,Sensor 0,Sensor 1,Sensor 2,Sensor 3,Sensor 4,Sensor 5
5.122327721562517,5.62779132570293,2.6783017528839252,4.8422173846431065,4.02009697638789,2.8043159652126803,4.015049702595519
9.82430998383365,8.690138829007452,4.2575186272572125,7.837618990171478,6.448621478196557,4.3485700482932685,6.156438572002742
14.526292246104783,10.446494361481598,5.246230408799079,9.640068694683407,7.936489567551519,5.348716063617218,7.406167285166447
19.228274508375915,10.743359461788032,5.62039103936803,10.081804681774088,8.399704941712457,5.771403809797889,7.521742458270154
23.93025677064705,10.884310444622571,5.911929980265043,10.419378409325674,8.739878180659858,6.077163875185377,7.5813242060170865
28.632239032918182,11.092133749877434,6.0722449325298555,10.420144031759463,8.837563479976325,6.276338958682487,7.754404816661378
33.334221295189316,11.977291049493573,6.597455987289692,11.331344378828561,9.572878742374684,6.806744683153383,8.444073461569275
38.036203557460446,12.817745810038929,7.0627385745414415,12.167951110053053,10.239690468212757,7.289614155979933,9.10280648090091
42.738185819731584,13.37201622602862,7.4066401629916925,12.715964421375588,10.678116101756785,7.650233052561617,9.506847284825056
47.440168082002714,14.46663622183516,8.237984792569563,13.9180215511864,11.745382210693506,8.536867106237878,10.246582886819311
52.142150344273844,14.809897071799838,8.690705661078908,14.48553763295962,12.258702037168263,9.018429870720396,10.465168117303193
56.84413260654498,15.10680062282026,9.095429202716247,14.92048771271567,12.625014975474613,9.44602379002606,10.65591065964432
61.54611486881611,16.07926331838621,9.7095416621611,15.895427961453947,13.351283539822106,10.061755848425477,11.356268284013424
66.24809713108725,17.548892810241085,10.472942232320307,17.275502126577976,14.361335315090557,10.830204232357346,12.480622191825347
70.95007939335838,18.29534490962388,10.947926774375532,17.97954883739476,14.883636238188274,11.334544927045826,12.996022118392005
75.65206165562951,19.178133575559542,11.436395239287805,18.809957287687126,15.488426197983586,11.843198910963949,13.625039881549924
80.35404391790064,19.222339412202928,11.629669564266138,18.922288809853058,15.55274283497397,12.065539748748733,13.666088683997089
85.05602618017178,19.638136006972672,11.966903607774569,19.34707397995257,15.833941615811725,12.41387502113939,13.905803450486331
89.75800844244291,20.22845149294787,12.372332271459214,19.959591242556257,16.261180565583402,12.836928339096701,14.319603463066699
94.45999070471404,21.649253921243513,13.054393122259,21.232179289531814,17.138814970345322,13.50637335150708,15.352950273142056
99.16197296698518,22.276930811321535,13.441574005172114,21.81919902923795,17.49671099202135,13.890486933041615,15.754016973668115
103.8639552292563,22.449779994995026,13.537403937144902,21.89527746461212,17.580000039640368,14.020698361613057,15.918505477069488
108.56593749152744,22.79150820288976,13.547492050302793,22.138331411980516,17.773098440517572,14.077166449332353,16.200216417420364
113.26791975379858,22.914867648477724,13.645410724904565,22.160739311568847,17.83101394526075,14.188153575697129,16.351678961719614
117.96990201606971,23.660291253919894,14.065828343952177,22.909088971432794,18.33451190444444,14.615677589302564,16.892693723624376
122.67188427834084,24.64396628838105,14.572148118835813,23.83371979268236,18.91648175048813,15.094042318536367,17.57439196386781
127.37386654061197,24.911091323336308,14.791310171408526,24.126263060765865,19.08390415261337,15.338930354050902,17.71355672011316
132.07584880288312,25.381025120076487,14.823398084023239,24.415241052821756,19.34778606833264,15.351569587032685,18.13662009134083
136.77783106515423,25.389957518697543,14.920266045558193,24.485842522929715,19.362270029141868,15.463366880419258,18.195561477079764
141.47981332742538,25.584619946993172,14.93064594305774,24.55810295085763,19.482880624379973,15.516877378212968,18.374278151100697
146.1817955896965,25.930530598098812,15.120554039353337,24.98171292345259,19.7304549331118,15.743341282011869,18.60558977272231
150.88377785196764,27.461777062966632,15.700356748571252,26.358555933085967,20.641807578411516,16.33978413732848,19.707408401220704
155.58576011423878,27.823050041048845,15.891080285557564,26.746519220757193,20.836018442338442,16.54374529257963,19.871676991175036
160.2877423765099,27.86999826052528,15.937725145329097,26.773419999902956,20.879632738973825,16.628304152973413,19.98338951217599
164.98972463878104,28.02271951766815,15.94507599702979,26.842899459766898,21.00130177842962,16.66284038154484,20.174336201971897
169.69170690105216,28.700152220459614,16.10253963625101,27.32949214989125,21.393009374019584,16.774370977838515,20.772561326062913
174.3936891633233,29.738902165635068,16.552249351163297,28.30207826100238,22.035547159107324,17.230565901084134,21.497641629425488
179.09567142559445,30.937711238994126,17.038863976094348,29.42007387186834,22.763606636952503,17.704899366335084,22.271264407509676
183.79765368786556,31.662272672232007,17.378138871834466,30.124900609831457,23.20682079213418,18.03512946835764,22.671040633122715
188.4996359501367,32.054382128480256,17.616671918614827,30.559860792479867,23.466189092851707,18.248043740093735,22.743665100553528
193.20161821240782,34.984509535435706,19.21270734077656,32.99513694773401,25.42599177225283,19.998502030796317,24.63263912739916
197.90360047467894,39.85776866295248,21.890237273662464,37.14061439739842,28.665213047420607,22.88191833952115,27.639167449546818
202.60558273695008,45.06520720723188,24.6699774810713,41.532183178027395,32.06732220524424,25.85310817552346,30.890299924947186
207.3075649992212,49.8557792877688,27.301731239460565,45.57713707064488,35.21416462135164,28.68971683324159,33.83311207259817
212.00954726149234,54.451381093248216,29.860750076903486,49.49138526151245,38.25717581952517,31.43933665607264,36.60320158492695
216.7115295237635,58.35567428739088,32.193055128391435,52.85113157847039,40.89737740667678,33.96863392437683,38.84451345738799
221.4135117860346,62.87649081845066,34.74816054058263,56.710342819966996,43.889000149247494,36.703622618880964,41.52547515672558
226.11549404830575,67.5658334235558,37.37461574516222,60.78827934211415,47.00315128100425,39.48048308810018,44.29452337556941
230.81747631057686,72.5268254505828,40.11756979921627,65.08186062589792,50.260833916139404,42.3447697097218,47.280677902596466
235.519458572848,77.67403634666218,42.914674986273425,69.52454175107505,53.61887625954988,45.25312544803073,50.32999854595971
240.22144083511915,79.306740089985,43.796826765481754,71.00531590027836,54.68985763561709,46.130554233585215,51.25859145788958
244.92342309739027,79.42780045221724,43.83369089437759,71.12644285899862,54.73349658845336,46.232492051917475,51.39208147535764
249.6254053596614,80.53863694170212,44.272613978498754,72.01189328346322,55.41095156819483,46.7216670249061,52.23842025212787
254.32738762193253,81.33711024788124,44.598472686205305,72.65726859195664,55.901710828551245,47.1039922746168,52.82711349397002
259.0293698842037,81.77021141887792,44.76967659031489,72.97314124949088,56.147291208333954,47.31696083767774,53.09565624078155
263.7313521464748,81.92802769881453,44.81589694722477,73.15081564376914,56.25372801198692,47.33914278390829,53.258512509535635
268.43333440874596,82.38736655459687,44.957275816612515,73.58776776893922,56.55305943783728,47.42321500431645,53.69099611633837
273.13531667101705,82.76021819291887,45.05778421655583,73.91603066718184,56.80171043698694,47.48601718402166,54.055684485102546
277.8372989332882,82.89993008943867,45.14088829004713,74.02665586618218,56.852031370900306,47.579355245850614,54.081457322940395
282.53928119555934,84.07206721839478,45.56655786066593,74.97363507355112,57.5070941252697,48.00169824443351,54.88560159644062
287.2412634578305,84.80202592353197,45.82864506685875,75.58913405126634,57.946371952621334,48.29098990617407,55.38909129383683
291.94324572010163,85.5069982477329,46.05824859836561,76.1456612677047,58.35155607682225,48.558805329005125,55.858383228083426
296.6452279823727,86.01394523403425,46.247011886036844,76.57548208962251,58.66489909052089,48.68959279475855,56.34386541986427
301.34721024464386,86.55682000485294,46.467230754908535,77.07457338542358,59.024129531994035,48.85613327845549,56.83925801521964
306.049192506915,86.8575978669219,46.59987372042578,77.3452626268029,59.21334732509747,48.92669189914514,57.12700470487479
310.75117476918615,86.91367853138487,46.627958998283404,77.36647310443061,59.23183103401766,48.95469886570641,57.14032395705456
315.4531570314573,87.41377384975223,46.73568745950789,77.73497550170953,59.4866436843578,49.09426224257716,57.44928423052394
320.1551392937284,88.22722104937691,46.94483279096462,78.35740661594832,59.961651334369535,49.36998035235901,58.02163492064827
324.8571215559995,88.23161763794565,47.0139288844932,78.44106096266538,60.007695719820646,49.391527617356644,58.116121644786176
329.55910381827067,88.9228710427638,47.347002248215446,79.10495472175845,60.46697212936246,49.644994271111955,58.754568263113995
334.2610860805418,89.45500498599623,47.62904965848989,79.65754288314713,60.868001725421564,49.875868177750476,59.2920216339796
338.96306834281296,89.84900600836761,47.85231832560399,80.07273528851624,61.16748025249092,50.04313141891379,59.706284020556794
343.66505060508405,90.17234457001143,47.85873729820671,80.21899042550251,61.27606655386079,50.092058405215155,59.83822902055681
348.3670328673552,90.83656919586178,47.97703525739039,80.65895083366581,61.59532444501724,50.248500241949856,60.219352898107815
353.06901512962634,91.30986838408015,48.03373391735209,80.95876936671178,61.79702213706706,50.32973233629851,60.426579386613554
357.7709973918975,91.81028009544423,48.101830853489446,81.24728348884182,61.996297218101205,50.41190883446559,60.62769237330083
362.4729796541686,92.09192094624399,48.32772486065987,81.63213610053515,62.26454739276568,50.57662639421922,61.025921136860305
367.1749619164397,92.95814215947411,48.74368304925946,82.4924170106923,62.88512844413795,50.943367021007866,61.87092203106627
371.87694417871086,93.04596881904362,48.84165654844945,82.5345631282577,62.92828602062487,51.011089150144635,61.982167689478686
376.578926440982,93.23473177283205,48.88878422051138,82.57252263611602,62.956385963388186,51.02897253180075,61.99433862450098
381.28090870325315,93.83614993609737,48.97489510486512,82.93724025516363,63.22266072529294,51.14852457261707,62.29499535919487
385.9828909655243,106.64943841084968,53.53031023150303,92.39425487005659,70.14205758331468,55.82160306854228,71.9035778695816
390.6848732277954,135.79609238061332,64.1895231390905,114.19863381000974,86.19964669822703,66.74071432484152,94.11757531546135
395.3868554900665,160.12582697512127,73.25935663697133,132.23156050338866,99.64371237618408,76.15618194887543,112.65242950501153
400.08883775233767,187.89638612730488,83.56255618316861,153.03151513685566,115.08974456906881,86.8433872522771,133.9471445005552
404.7908200146088,213.43192250572955,93.21241877021198,172.11829069122211,129.3808766124478,96.92014653095862,153.6009354758691
409.49280227687996,241.54915428308172,103.78591351294936,193.2968132428914,145.1949640383764,107.93926203861866,175.35887359626219
414.19478453915104,267.13076339196095,113.51926695989884,212.4795744292718,159.62209522226357,118.12810371686064,195.15042630559725
418.8967668014222,295.5484948013569,124.21615114128828,233.92484462698621,175.65844475028823,129.31198621132827,217.22255893139084
423.59874906369333,321.5190825261463,134.11119970954456,253.4488427550043,190.37210262135375,139.72876451276284,237.4332263495291
428.3007313259645,350.879780337166,145.16975720856516,275.6903642729728,207.0441977472575,151.3581659684027,260.3452364050906
433.0027135882356,362.8699879165311,150.02270479454396,284.7871052253537,214.21123143111993,156.72035449353496,269.97608770138686
437.7046958505067,363.5143293486664,150.48070276504592,285.51464100707915,215.04725805803557,157.5412964879424,270.8964181496145
442.40667811277785,365.36222074654506,151.29474453240073,287.1876007889743,216.53963525414002,158.69502949800668,272.78223425085423
447.108660375049,365.5622557198071,151.53527918480717,287.48021848950907,217.092831938632,159.29521618249865,273.368045320373
451.81064263732014,366.52284330533337,151.90227714642995,288.3766720339169,218.01350819301794,160.0217264834855,274.5234108461405
456.5126248995913,367.3904864994595,152.09895649877694,288.94397855741516,218.11191055388144,160.18575170262366,274.79017673358635
461.2146071618624,369.1646439475257,152.7673628192183,290.5218276749628,219.49157357561202,161.19929651768868,276.5721563986204
465.9165894241335,370.94897205278886,153.26034531992957,291.8164394502117,220.09735704076138,161.31589624599593,277.54245285238994
470.61857168640466,373.8852206998816,154.3420398658078,294.3209454038263,222.10951443802543,162.70912139883197,280.1581642324376
475.3205539486758,377.4771987103528,155.4638691328235,297.02474116298856,223.77231213436056,163.5082679433346,282.6298410387204
480.02253621094695,381.8955369745069,157.05591301138503,300.6811797700678,226.59033995769198,165.39328490426038,286.3608246838552
484.72451847321804,385.9397405309945,158.31814849484033,303.73052959324406,228.5054492270947,166.36108119918592,289.23308658286004
489.4265007354892,389.821079187134,159.7664553460068,306.94479484888456,230.97733447094703,168.04965717884428,292.4398732459628
494.12848299776033,392.84466388549623,160.71086893697162,309.157477287053,232.36914833096264,168.74194909729346,294.58723748810854
498.8304652600315,396.45888705794863,162.07685313182046,312.17874415155467,234.70474227161213,170.3281754153226,297.5751643016584
503.5324475223026,398.57303379774754,162.72231270715497,313.6616015331996,235.61197343120102,170.77016224265856,299.1118738877965
508.2344297845737,402.2521522659117,164.06665272179214,316.7002409496833,237.91903491208825,172.29738287261975,302.088340714909
512.9364120468449,403.4976085290697,164.45765698495,317.52178589705176,238.38692996471985,172.50776197788292,302.9824099254353
517.6383943091159,404.4654677279002,164.85974196211512,318.39315160883126,239.15643296778308,173.1059360903864,303.8774222855021
522.3403765713871,405.211329400566,165.1223729966919,319.1126090302973,239.7638724057739,173.53816252172365,304.56162265335774
527.0423588336582,406.25520752890833,165.43470695391113,319.8609119179979,240.1637779137953,173.67346412600173,305.2628536694005
531.7443410959294,408.0869531427617,166.04642043959424,321.42052219397283,241.37657203978387,174.47515132234753,306.8085337572106
536.4463233582005,411.3823922376621,167.13939680624964,323.97800779990547,243.00160830033775,175.32524372384475,309.18573892213226
541.1483056204717,415.2980658347016,168.4791341883768,327.16844745451067,245.3800817778597,176.84154592121317,312.35201679219796
545.8502878827428,419.7364449449531,169.9831455867156,330.6226618281595,247.7012250165672,178.1579274976155,315.6766142131218
550.552270145014,424.3530363850222,171.55564422824395,334.3711215499485,250.42827772264945,179.8498089633056,319.3368495464737
555.2542524072851,429.38880324366096,173.25680700311304,338.28087683790665,253.06893719908925,181.3666272355569,323.15869546270403
559.9562346695562,433.7525750314368,174.77177123457875,341.8340278645054,255.7323800089365,183.04068849022582,326.6670813138642
564.6582169318273,438.2720682514312,176.30048573555337,345.31271024295154,258.0575113717881,184.39217117415788,330.09056912366646
569.3601991940984,442.32977328033616,177.7514035491441,348.60941591049084,260.52529135788103,185.96215458575256,333.309206556858
574.0621814563696,444.9114230986877,178.61755802075092,350.54064030711817,261.7665528266302,186.6617253921357,335.23086146108227
578.7641637186407,446.87825502589936,179.37992459073973,352.1832920030868,263.1131200298777,187.59107086693973,336.8738666984843
583.4661459809118,447.2441918792029,179.45649781918323,352.3211593765471,263.1231567851968,187.62458474991848,337.15856247564
588.168128243183,447.3224043759134,179.60311569747273,352.47155894069186,263.3481461722581,187.87075385463336,337.1923054389076
592.8701105054541,451.008403913834,181.40516700866723,355.3936122748131,266.0127834278494,190.16801599928428,340.27786373063213
597.5720927677253,464.3005953284816,187.21846543260034,366.2815672210067,275.12160132201984,197.18979444012797,351.01642064767805
602.2740750299964,475.7857323736763,192.39521479138952,375.68273614560195,283.1860091588736,203.5834367218274,360.343422383551
606.9760572922676,489.03110066512414,198.15252526275736,386.5110553741591,292.2523194289411,210.54044835348535,371.0579801973794
611.6780395545386,501.2816304661823,203.57615093471503,396.5039000979686,300.72306888714223,217.1620977206811,380.9655679349455
616.3800218168097,515.1973010451604,209.55173389267713,407.85688452281784,310.1167455152307,224.2987636240521,392.1803274469017
621.0820040790809,526.9235604655278,214.75797535870174,417.4465739782604,318.3097117196776,230.7277383467202,401.7097109918752
625.783986341352,538.7097545165432,219.99141689400156,427.14860310664534,326.58326591455193,237.18102828264864,411.3236532609758
630.4859686036232,551.7317026577053,225.68932152375513,437.78499077838245,335.5450944694652,244.1130889184868,421.8383531633184
635.1879508658943,564.8830353240066,231.44596671198613,448.5669938512991,344.59502109044473,251.07734016940054,432.4360467113812
639.8899331281655,573.1952582913714,234.94638414099808,455.3361251897933,350.1561576904062,255.23798584715976,439.1194817161994
644.5919153904366,573.4778322120981,235.15135631143573,455.63913447732426,350.466744325914,255.58263123906727,439.36363138126956
649.2938976527078,575.0482014649716,235.7039475183323,456.96415200605986,351.47366288913247,256.2792201471133,440.5881783927639
653.9958799149789,576.6125943996967,236.2295056552245,458.1008058591254,352.2225773936251,256.6436820895023,441.756165384043
658.6978621772499,581.3077544828427,237.8138928045022,461.87936417309004,354.9583148947487,258.42931859479927,445.4339531638183
663.3998444395211,585.7016521436615,239.37812356473611,465.1896546409263,357.2862446023511,259.7974366064952,448.74199813457847
668.1018267017922,589.4534246052988,240.5959521926655,468.25943475456995,359.51436276446987,261.26514118948074,451.726588306007
672.8038089640634,593.8512807822468,242.21297000630187,471.5152410003492,361.84862507810624,262.65465144564956,455.0444200472408
677.5057912263345,598.0210620271683,243.60755276237126,474.9120507668232,364.3241856330195,264.33785796720196,458.3767343540947
682.2077734886057,599.8653920029126,244.35141964800388,476.13715228197475,365.2062978662066,264.82910438200787,459.69540906834254
686.9097557508768,602.5502647499216,245.2390617383386,478.39452076127304,366.88853250627926,266.06252602470175,461.93171640030926
691.6117380131479,604.8619937679839,246.1204042253665,479.9919212978904,367.9945397417473,266.6922026132075,463.60990680851944
696.3137202754191,605.0343532059685,246.18525448666028,480.03738919350656,368.0803914645487,266.87098349599285,463.61744473420777
701.0157025376902,605.7553448740584,246.4097385309325,480.8003938874109,368.6615847800374,267.32978104262975,464.2567196005373
705.7176847999613,610.0353147939861,247.87647677709032,484.001410975103,370.92701554782764,268.67339737157204,467.5180723320367
710.4196670622324,614.8608271411874,249.54960902871937,487.94194112882064,373.7800802679613,270.52558660331806,471.2971964419782
715.1216493245036,619.9993395776406,251.298436412299,491.8523823544365,376.5438244962043,272.20133249264484,475.23812948697
719.8236315867747,623.7142032522897,252.59996386663425,494.85850623585685,378.7504071875338,273.6299315667984,478.15365906550016
724.5256138490458,627.8088409094325,254.01002169520567,497.9431118358569,380.96578621610524,275.00435053822696,481.3302613512144
729.227596111317,630.154008604475,254.85926641709563,499.84629843872773,382.38574833233326,275.9684057834423,483.167112322772
733.9295783735881,632.6294253096773,255.74697803559275,501.66665369884333,383.7030636502523,276.8323197140781,485.09180567537317
738.6315606358593,634.3973812612945,256.37913820733826,503.1027950487497,384.7711991013349,277.57512537700245,486.48617804238734
743.3335428981304,634.7943403878572,256.55737608171654,503.3258995974121,384.9034373087552,277.6522900695014,486.7709354728215
748.0355251604014,635.5806370997036,256.8300039203984,503.9198567547439,385.2803252657016,277.86310217334835,487.33771309058784
752.7375074226726,638.9462766614852,257.9652713289669,506.64125761158823,387.26148392100464,279.13310920900665,489.97441004003923
757.4394896849437,643.6127107694952,259.6013357365639,510.2648478609689,389.8583080167932,280.75337498538977,493.59863736027046
762.1414719472149,648.0670792177712,261.09454148369036,513.8270707345322,392.40434180989666,282.35323205435526,497.0393775326842
766.843454209486,651.4213309200177,262.28313186302563,516.3984143929006,394.23339923304434,283.4900944518855,499.6399145177079
771.5454364717573,655.1225531594266,263.5248188387235,519.3319457699121,396.4067694800066,284.89018293989864,502.54971296696897
776.2474187340284,657.664628163652,264.46748391630183,521.2703478903867,397.7936227920439,285.7971819298591,504.52523326984567
780.9494009962996,660.0457270055662,265.2887962351619,523.1308501944598,399.18944102802993,286.73773322942895,506.38448806955
785.6513832585706,660.7029505024785,265.58307326741783,523.6026142464897,399.53746976374134,286.99005358746336,506.92097538396337
790.3533655208417,661.6073891517716,265.88011384610564,524.2842821590334,400.0040251495876,287.2979120143599,507.56391537188017
795.0553477831129,663.2721381172887,266.3912095932321,525.6353452624817,400.9266290576336,287.85341661206104,508.7677151419951
799.757330045384,686.9225541797887,276.0609227011866,543.8064534329362,414.1965439439972,297.4954572143338,526.6704996192678
804.4593123076552,741.951497346872,298.78450404160213,586.2551323483401,445.7381063795541,320.4358495397517,568.0506775719315
809.1612945699263,789.5452482907269,318.72534785680995,622.5246233165099,472.647381118723,340.7989924619444,603.3262923243631
813.8632768321975,849.5638719846716,343.50906114959514,667.841414699594,506.3619725136284,366.96581194486083,649.3476483356504
818.5652590944686,899.5274251539092,364.5068490866792,705.3202281304773,534.5861498215534,391.03499845045667,689.5159984649608
823.2672413567398,954.0374884110587,387.1361094932049,746.8542659746361,566.0189959186783,417.5224307956803,733.6827226347966
827.9692236190109,1014.0449413572985,412.5659830057389,792.7437283440108,601.0102059632268,448.1075177233456,782.0683128054399
832.6712058812819,1064.3987395151262,433.9031771606505,831.08947179289,630.3130953902361,474.59976714889694,823.136513383169
837.3731881435531,1124.5496599128364,459.23526995205697,877.2090533525094,665.2451358280891,505.4970605595422,871.6524118079386
842.0751704058242,1175.1301862408468,480.7315937505604,915.8830528360394,694.6955819455003,532.5762383721627,913.0032455736564
846.7771526680954,1202.3438743050026,492.57125512183524,936.7349939792514,710.9630918585799,550.0975168258051,936.6332361291201
851.4791349303665,1210.3449652576605,496.3886976580801,942.8547544674382,715.1944457515456,559.6197299339133,946.1482099549656
856.1811171926377,1210.5148421123897,497.0376106857588,943.2642288832983,715.2187693744017,565.6273236875218,950.2221081685843
860.8830994549088,1212.0959051889,498.2502099179736,945.5478426009716,716.2027569779812,571.3666820136962,954.1262666209333
865.58508171718,1212.478363389777,498.9761842337631,946.9174626597436,716.2570821183322,574.7825243058014,955.4049854709333
870.2870639794511,1214.3270544282186,500.2405253478841,949.0566791686015,716.4575002276372,578.0038530902011,957.3805454051438
874.9890462417222,1214.5932345759138,500.77775622811504,950.1351657762749,717.4597633330611,579.2243819251896,958.076028545794
879.6910285039933,1215.652272933567,500.80905476762575,950.2965736355518,719.1343107182095,579.8103132033884,958.256531128604
884.3930107662644,1217.2035391504573,502.0146241940103,952.555139244427,719.336214884876,581.271985759288,960.0411063152226
889.0949930285356,1218.3248113917148,503.012913359058,954.4101047548472,719.8448287646887,582.3408712913438,961.5055776031949
893.7969752908067,1221.6992676831055,504.908545345813,957.9695164104764,720.5569751223045,584.2065940065756,964.665474424387
898.4989575530778,1222.9701707747984,504.9297022154517,958.1862128187612,721.7482010559015,584.4863352146294,965.0348962195778
903.200939815349,1225.6288816915624,506.5395352159278,960.9573339458875,722.9153132785566,585.810256807929,967.6100091572915
907.9029220776201,1226.6897769372,507.52566444008886,962.4321568053953,723.1568839971247,586.4680976092714,968.9524443291036
912.6049043398913,1227.1375773561845,507.86687574472467,962.6047126036292,723.8105593988906,586.4730401536423,969.0906346098983
917.3068866021624,1229.7144418218381,509.4153745613285,965.1254992348026,724.8587287682367,587.6713734618706,971.4963191794347
922.0088688644336,1230.546600710727,509.5333507051194,965.5994133524496,725.8361748466681,587.9716864684067,971.6838768264935
926.7108511267046,1234.3678949827804,511.33995820566776,968.1899670204759,727.2673450414306,589.436705278338,974.7236646928793
931.4128333889757,1236.3591923185218,512.3987708187567,969.2641516747588,727.5457560502025,590.1437054855962,976.2662804273135
936.1148156512469,1237.868595869399,512.8445185547216,971.0173519905481,729.3375032142376,590.9478480601576,977.4155144580153
940.816797913518,1241.0736779930194,514.3140170341918,972.9857664333736,730.2168956685423,592.1647980579501,979.774696139693
945.5187801757892,1242.5148329145713,514.8387712903809,974.544349362837,732.0104802647465,592.8773819492342,980.9332363974823
950.2207624380603,1245.7182657250287,516.0758663230606,976.7077831536867,732.8265750359883,593.9949946289727,983.2734847634954
954.9227447003315,1248.4498689456163,517.3157358777075,978.4975754857903,733.4346908931375,595.1220412488225,985.118147998306
959.6247269626026,1250.032714799233,518.0140203393055,979.4463982079028,733.469817067129,595.6921543334531,985.8881482993294
964.3267092248738,1254.286337043383,519.9004495357735,982.5878839898011,735.0271364454954,597.4501303873162,988.5460189297929
969.0286914871449,1259.5694045419762,522.1140521622722,986.7174854008732,738.8382475622334,599.9269930021283,993.1378758037919
973.7306737494159,1261.7407063084133,523.0917416073657,988.9892127302245,739.586242300579,600.63910998001,994.3471691081246
978.4326560116871,1263.7912239086224,523.5913250523813,989.9984790738984,741.0621282983134,601.5052373196754,996.3456675361483
983.1346382739582,1264.7150794288837,524.3164227569564,991.4724444464474,741.3886206081173,601.9138285745773,996.5349010917039
987.8366205362294,1268.9439362955504,526.5570254236231,995.5540307797808,743.7070566081173,603.861937441244,999.2235615583705
992.5386027985005,1273.337530516969,528.0178188912948,998.1963540248139,746.2803164595464,605.74300313138,1003.0616395136684
997.2405850607717,1278.2610086869036,530.4084708520791,1002.9207279463826,749.0769070477818,607.7915733274584,1006.2045280757599
1001.9425673230428,1282.5613210407105,531.7794269720634,1005.4771861327654,751.4906258535646,609.5932969460362,1009.856588258853
1006.6445495853139,1284.2078885236224,532.7194923505665,1007.6308751852262,752.3850438679185,610.113862008408,1010.8662929717716
1011.3465318475851,1292.8446733634435,536.3168317554882,1013.7317585874633,756.7921318804463,615.395725269258,1018.5586052858656
1016.0485141098561,1296.7533505210592,538.9645132283359,1016.3344093737768,757.2531038499828,622.6766378361455,1025.3147260249384
1020.7504963721273,1307.276366601222,544.0275001897695,1024.291692324043,761.3523264314656,632.2791467748114,1036.9080395253495
1025.4524786343984,1320.1930842081433,550.4778104183532,1034.0884124727293,766.904077033901,643.1676781779304,1050.1298953689727
1030.1544608966697,1320.641032624896,551.5024247290687,1034.1941388452783,768.580158138132,648.487403963534,1053.7727366043528
1034.8564431589407,1339.9106600932946,560.3533248087224,1049.1317518894343,777.6226386991709,661.8216334059582,1071.5702089913657
1039.5584254212117,1340.7036445133886,560.9293769701899,1049.9632870549972,779.9679138486132,666.6616038085375,1074.1710526254715
1044.260407683483,1356.7641063430294,568.3060715835504,1062.5032454485972,787.0711643846458,678.4039131434836,1089.4274285354113
1048.962389945754,1365.0582984633425,572.8122656818476,1068.8169600336505,789.8735933001944,687.2141862803085,1098.9205122273615
1053.6643722080253,1371.3223603712372,576.1594721950055,1073.6177960204927,791.3059983659839,694.75986858294,1106.866311898414
1058.3663544702963,1378.7083706725925,579.7541331560969,1079.2477878417849,793.9769540684886,701.3384622005212,1114.6365352418366
1063.0683367325676,1379.3260424185385,580.4751765696105,1080.0354927913345,794.5518611982183,702.2411316924131,1115.6118400175123
1067.7703189948386,1381.7083006813523,581.1725686052143,1081.613254352222,795.7593934028107,702.8368013643258,1117.0034273906633
1072.4723012571098,1385.0654503200622,582.9129666095155,1084.5489625393188,797.8003914608752,704.713571596584,1119.832243893889
1077.1742835193809,1392.3128882805886,585.7496845700418,1090.0020764208978,801.8343361977172,707.5215873860577,1125.1107150780995
1081.8762657816521,1399.109536473718,588.6484447443191,1095.6543367166664,805.756684610369,710.6339587467616,1130.3473899683383
1086.5782480439232,1402.9480154901848,590.0078991742457,1098.3989481660133,807.806156041817,711.8785660006545,1133.162324070719
1091.2802303061942,1403.993076452556,590.5927227531669,1099.5093872785674,808.4020739647274,712.6198757026191,1133.9193272217346
1095.9822125684655,1408.3677158604505,592.7696826215879,1103.1946555022516,810.9798610699904,715.070724584198,1137.2609705769978
1100.6841948307365,1412.3770958884002,594.2507682923824,1106.09933822155,813.2295835343007,716.3562214306032,1140.2573947157148
1105.3861770930077,1416.6933497980451,596.1625955998369,1109.749901256791,815.6881389538378,718.5873730270525,1143.5239160516094
1110.0881593552788,1422.130702343991,598.2476844800171,1113.7937396063405,818.7207645502342,720.4496571189444,1147.6793635606184
1114.79014161755,1426.2275110282017,599.984300137912,1117.3665212510773,821.1190592870764,722.447528303155,1150.670005007987
1119.492123879821,1426.7880892375977,600.0025762059208,1117.540539816178,821.2623427380831,722.6960475192623,1151.198578232148
1124.1941061420923,1428.261630553387,600.4137127848683,1118.3796902767044,821.9817305670306,722.9340579139991,1152.5035422453059
1128.8960884043634,1431.7427110953224,602.158293223578,1121.4283680917583,824.1228621154178,724.886028529053,1154.9215176087469
1133.5980706666344,1437.6916757752656,604.4541183427102,1125.8119029263958,827.3463408992016,727.1013885699492,1159.6478030959447
1138.3000529289056,1443.405650601514,606.8980551038438,1130.6769441325362,830.7711803054093,729.6759572659682,1163.7792288820447
1143.0020351911767,1448.9460852067773,609.0477276038439,1134.757077027273,833.6889536606725,731.8287629896524,1168.135573947834
1147.704017453448,1450.278381334338,609.6739014438228,1135.4566282800693,834.2812868935539,732.4989654553278,1169.3489814220632
1152.405999715719,1455.4041806070977,612.1017808357147,1139.7607035201117,837.5115124109791,734.974337919766,1173.051141267369
1157.1079819779902,1457.7423675597292,612.9520540216797,1141.3260075709888,838.6218002943124,735.9263301276605,1175.0111335129832
1161.8099642402613,1466.3167001255188,616.7638567848376,1148.2769186236205,843.6720650311545,739.7447022987132,1181.3581746971936
1166.5119465025325,1474.7919206366528,620.2078901649877,1154.781630216136,848.3669286384259,743.3841036552178,1187.8589224637608
1171.2139287648035,1483.4688661728585,623.8096471851115,1161.876131061509,853.3662431718795,746.9705619649013,1194.3369707919342
1175.9159110270748,1487.0635978018058,625.1202303903747,1164.59776030186,855.2854698955637,748.4205357947259,1197.069527532285
1180.6178932893458,1489.2936732153398,626.0220357552073,1166.5463115501511,856.4978487592,749.1701777880614,1198.6721788566185
1185.3198755516169,1494.9512406734739,628.6368230125552,1171.0724680496387,859.7349488326792,751.7118179615063,1203.0019607636589
1190.0218578138881,1500.5563878214575,630.8914093804635,1175.366765761532,862.9423573998356,754.1988400163593,1207.1295241847115
1194.7238400761591,1512.543701334639,636.1388408021418,1184.9402443345898,869.7295010902333,759.4061601944529,1216.278168848483
1199.4258223384304,1523.6374896994876,640.6807230206848,1193.598602903342,876.0401243130461,764.2428344903748,1224.5142003668689
1204.1278046007014,1527.973166037354,642.4049844760009,1197.2181357318477,878.466275781167,765.8301609788064,1227.944213992796
1208.8297868629727,1532.6545709576226,644.1932444960428,1200.8059176928969,881.0780946409614,767.8347552599148,1231.3469384660443
1213.5317691252437,1534.1487680755208,644.8425665564297,1202.0570733268285,881.9090260308185,768.3197988055754,1232.6130258436149
1218.233751387515,1537.5714870297693,646.4568839420506,1204.658074503299,883.9164309327791,769.8135297859676,1235.3655378697586
1222.935733649786,1539.8826705253832,647.6976215473137,1206.3026214103165,885.1408850564633,770.8391024157921,1236.9674505434427
1227.637715912057,1562.4678166250073,658.0261651956391,1220.7712195041306,897.0347356007217,780.7104809487723,1250.0893465875301
1232.3396981743283,1577.9259059098558,664.8717731540806,1228.963131198503,904.404288451804,786.7848636639239,1256.0093223892618
1237.0416804365993,1619.7260111399237,683.5978887956907,1257.7494838363286,926.5962747651265,805.0343748791987,1276.5272793429042
1241.7436626988706,1634.8502769401475,690.4278735953123,1265.5350096958919,933.4213778903415,811.1390342763435,1277.0628530683944
1246.4456449611416,1667.179700781207,704.2121877012726,1286.8362332058255,949.6015529896792,824.2105897730323,1289.669730485613
1251.1476272234129,1700.6554286716478,719.2011558121014,1308.765954737206,966.4893487175044,838.5129043816846,1302.5251250602546
1255.849609485684,1720.0030290027735,727.4744723021677,1319.7394229491265,975.0865862009481,845.9572800770488,1305.3641473781354
1260.5515917479552,1754.6519144135132,742.2253481503185,1342.6484914430812,992.172020461261,859.92594479611,1318.639199904807
1265.2535740102262,1778.1506494457542,752.4027995684876,1357.0222109781075,1003.0354618925898,869.2002413171435,1323.4831056402109
1269.9555562724975,1801.0514878113456,762.1438333749392,1371.1590335609033,1013.4490779119445,877.937575514993,1328.1920167950495
1274.6575385347685,1816.3599143565093,768.4008981971298,1382.4534795939758,1020.3732081662118,883.5254720566004,1330.3314113327451
1279.3595207970395,1821.8298680336336,770.7657238559533,1386.5980654880932,1022.2227956381074,885.3721039611755,1333.6683185392812
1284.0615030593108,1833.8944877185086,777.2210668814212,1396.1228492633722,1030.3623983573393,892.5732994325299,1345.0837895868833
1288.7634853215818,1848.4010713047062,783.7548745121051,1407.3655116617788,1037.7067479545467,898.2704768394401,1352.7357110154549
1293.465467583853,1852.3086603331076,785.2291122048914,1410.6869627884953,1040.8399627836502,900.8006169398891,1357.513973611126
1298.167449846124,1856.219821605484,786.8234890160531,1413.604117080352,1041.7918904416003,901.1028888221285,1357.7764027687253
1302.8694321083954,1872.9123617867317,794.6189499144498,1426.411909053165,1050.2117010942668,907.6515486578728,1366.8374240030403
1307.5714143706664,1878.2962023948396,796.5818526574246,1430.9658189426405,1054.4361323735757,911.0439899027269,1372.652987417216
1312.2733966329376,1886.050718965672,800.2961299665122,1436.5877190927404,1057.3694443820102,913.2088547975211,1375.6036639839674
1316.9753788952087,1894.757218385027,804.5516080310284,1442.8281685766112,1061.174666704591,915.9956244104243,1379.246691725903
1321.6773611574797,1900.9914286409787,807.2102598669869,1448.4976378002552,1066.010857211124,920.2897633888565,1386.0551807974084
1326.379343419751,1914.488757763855,813.7637023414968,1458.5773628394709,1072.433820272562,925.3003283509481,1392.8860771372779
1331.081325682022,1915.5200821719084,814.9850019643156,1458.636416473028,1073.1455584372152,925.7254118637,1395.0370348433185
1335.7833079442933,1917.6271490589832,816.1750653371048,1460.9250842512592,1076.006144458984,928.4139643004346,1399.6250771385564
1340.4852902065643,1934.9261091901205,824.3919671293161,1474.2329393841628,1084.7193506352469,935.4392866211695,1408.6178915327635
1345.1872724688355,1942.8200906479765,827.4949528461482,1480.750992374571,1090.2079263143064,939.7219463037093,1416.5706297629647
1349.8892547311066,1946.6659627183844,829.3411426762284,1483.736579474606,1091.3482777808454,940.40493242823,1416.6526570054707
1354.5912369933778,1957.721415659561,834.7827181404538,1492.386565384661,1096.9317999623802,944.7404840219624,1421.4422111218191
1359.2932192556489,1964.3384839241414,837.5492696287183,1497.3850564337363,1101.3890721796633,948.5439197278656,1428.3142211467125
1363.9952015179201,1973.7255085851111,842.149376314042,1505.2005519834051,1105.9780575900459,952.201381944486,1432.248124778415
1368.6971837801912,1974.3425045985307,842.8674887225466,1506.1089828713452,1106.1326068772541,952.3013492445034,1433.9899968893424
1373.3991660424622,1978.358654440361,844.9438562950955,1508.995767649123,1109.402440330849,955.3656571477713,1439.3794736213686
1378.1011483047334,1995.0473515671588,852.793252905553,1522.565787938012,1118.2197428171235,962.4449428980981,1448.9402749638523
1382.8031305670045,2001.0883124338254,855.2314099722196,1527.1368080046786,1122.314643150457,965.6541716980981,1454.7166504305192
1387.5051128292757,2004.243568483407,856.4879846145164,1529.91553128326,1123.286299419192,966.1953929877461,1457.1481063803276
1392.2070950915468,2013.6160945516526,860.7877115001799,1537.471517974967,1127.951211721628,969.8001281248313,1465.3738192209184
1396.909077353818,2022.1546872274957,864.8298692017771,1544.1288935854936,1133.6700492106986,974.5738653918529,1468.705693415179
1401.611059616089,2029.5815822728964,868.1853633615349,1550.2277224792076,1137.1115808964466,977.3288173293886,1477.148700038419
1406.3130418783603,2030.16719042382,868.753004802368,1550.625894276001,1137.366147472344,977.4751090089807,1481.1027924120683
1411.0150241406313,2038.5257589055302,873.0721428351694,1557.3701867249986,1143.0195763696283,982.229698929866,1482.7331062277935
1415.7170064029024,2051.593785550267,879.2516165851695,1567.742582909209,1149.6689070275231,988.0027872193396,1495.844390306741
1420.4189886651736,2058.4853693961563,881.9916703222696,1573.1734439691504,1154.1318174923495,991.0364174265978,1495.9874384861355
1425.1209709274447,2059.952306250567,882.684517444698,1574.522959576906,1154.169980284822,991.4135874037879,1501.9317287423096
1429.822953189716,2069.2878072976255,887.2223736891424,1582.1594182488013,1159.016404636456,995.7642346469252,1513.5024762521134
1434.524935451987,2080.1711383572283,892.2071973315265,1590.690324473967,1165.8774291397672,1001.0751200773886,1517.6625319474776
1439.2269177142582,2089.9680608490035,896.2671433583664,1596.1813535761314,1169.7070943337067,1003.3554843700294,1519.1819502704213
1443.9288999765292,2093.5165468616337,896.7248548289547,1597.17833748136,1171.7615408683296,1006.7338192234122,1524.384753874025
1448.6308822388005,2113.613657848211,904.9980829063595,1609.5112532325902,1179.0620971815288,1011.1089540341504,1530.9080911796177
1453.3328645010715,2124.974310604398,909.4187613208768,1614.8214334504362,1181.2392799477366,1011.7790683453215,1531.648137829583
1458.0348467633426,2126.9280333809656,910.0269031285127,1616.9088944424802,1184.7747825536303,1016.328868332432,1537.3564553539175
1462.7368290256138,2148.656452587622,919.0360374426682,1630.6063808614688,1192.5692518544558,1021.4238782055829,1545.4419624312309
1467.4388112878848,2152.039351944347,919.886579587921,1631.558758980234,1194.8215356526152,1024.6029987396387,1549.9592767354964
1472.140793550156,2164.755602058888,924.5446894541403,1637.9751098102115,1197.719713198029,1025.1931406004887,1551.8478338674875
1476.8427758124271,2183.9540261739385,932.3106262385405,1649.519448886522,1204.5004120622457,1028.9901478034494,1558.3931237194547
1481.5447580746984,2184.470028491819,933.2738559736399,1652.918319350098,1208.4127401417159,1034.1070262802705,1564.8650080240905
1486.2467403369694,2187.4061484194126,933.9879390893132,1653.6109086021952,1208.6601672772567,1035.5812989310432,1566.423939169344
1490.9487225992407,2193.293858248716,936.6085875103659,1658.1882941943004,1212.3185350919794,1037.949268168241,1569.794348452772
1495.6507048615117,2202.306546383851,940.9322838418973,1665.7041519906968,1216.8984640874748,1042.4274054898624,1576.7158538383576
1500.352687123783,2204.715659434728,941.7200942340025,1667.5964351521004,1219.1475749181768,1043.2633310100377,1577.9963887164276
1505.054669386054,2213.117487866214,945.879543625531,1674.0288751374328,1225.1202795374932,1047.7001301917792,1583.4859299320374
1509.756651648325,2225.316868388224,951.763027873897,1684.0287760074496,1230.9655977325328,1053.4121069562686,1592.3482435181518
1514.4586339105963,2235.09755219985,955.7786764026596,1691.54311321344,1237.1004999486952,1057.8261723360893,1598.9058407267394
1519.1606161728673,2235.6740944365847,956.0820023196663,1691.8637078324875,1238.1953482289673,1058.516223480307,1599.0226108763993
1523.8625984351386,2243.175617790541,959.8061727078679,1698.0615904597096,1241.9980655520762,1061.908187993639,1604.5614079729485
1528.5645806974096,2252.6980504161475,963.9624773630555,1705.4529655091578,1247.8804772425838,1066.5139783998202,1610.8974126197475
1533.2665629596809,2263.7398804876007,969.4911309331148,1714.7247891419565,1253.6879252052886,1071.688987660451,1618.8983926973006
1537.968545221952,2268.163934205145,971.0630387120623,1718.0381612498513,1256.556001016692,1073.7877793367668,1621.8778036841427
1542.670527484223,2270.2411330244904,971.9225114058745,1719.3552315716865,1258.2463253499068,1075.19088826102,1623.211860037272
1547.372509746494,2284.034399758707,978.5278255105104,1730.899244156234,1265.8979290792665,1081.4908981585918,1633.0227128235852
1552.0744920087652,2289.5748770888104,980.4430887679887,1734.927729601365,1269.0557587645858,1083.6943582483736,1636.67347332983
1556.7764742710362,2291.361444021702,981.2853526346554,1736.8997141117402,1269.8999627773894,1084.2321918982632,1638.0790123254149
1561.4784565333075,2297.9411053496683,984.592139267993,1742.3848579843975,1273.517803098127,1087.3859690427898,1642.8560209065515
1566.1804387955785,2300.227391023756,985.4942940020685,1743.7119858631854,1274.8926940195863,1088.5432317886155,1644.3281385534285
1570.8824210578498,2311.492503457966,990.9345717652266,1753.149522310554,1281.074896651165,1093.8068469201944,1652.3178048034288
1575.5844033201208,2315.8721361859302,992.6306960131013,1756.430710313686,1283.6713656798004,1095.764867734512,1655.3262198481716
1580.2863855823919,2324.3705528794494,996.9601489749703,1763.0577963188775,1288.8629634474337,1100.3972075425143,1661.239826777101
1584.9883678446631,2336.9015600881075,1002.969550889256,1773.4101565188776,1295.813832581633,1106.2995279944623,1670.115759114763
1589.6903501069341,2344.780216801248,1006.4932960073285,1779.4244926486267,1300.3013782417065,1109.937815311036,1675.5614301904861
1594.3923323692054,2349.723700133699,1008.7746043026928,1783.7065372640795,1302.9325995123468,1112.2433024134643,1679.096486737506
1599.0943146314764,2350.5964633885765,1009.3158127956228,1784.3402831966014,1303.5382222848543,1112.7575818724763,1679.6797836419269
1603.7962968937477,2357.4399283473485,1012.8589778465,1789.838371829058,1307.6999249287142,1116.332707347915,1684.3812005936811
1608.4982791560187,2367.8704810087866,1017.7244090634935,1798.5147073480123,1313.4495712777339,1121.195834293013,1691.747500669498
1613.20026141829,2376.9162924312977,1021.7981378790779,1805.6251811168434,1318.645275476002,1125.3720708029696,1698.0426064062945
1617.902243680561,2380.9715900288775,1024.0965705137476,1808.713055283216,1321.2970692979734,1127.781370394545,1700.9065919498303
1622.604225942832,2394.6937798728586,1030.490331915735,1820.0282999088588,1328.9300013854831,1134.1316599447935,1710.4537799599411
1627.3062082051033,2401.027692656532,1033.3543098082519,1824.887866484369,1332.6432421827622,1137.197929848195,1714.9570814538188
1632.0081904673743,2404.872715430187,1035.099599706211,1828.1439166204232,1334.560397776454,1138.7250445853626,1717.5576424494898
1636.7101727296456,2405.955076357339,1035.4202690439593,1829.0210779449264,1335.3542381738048,1139.3219258436407,1718.4336852309468
1641.4121549919166,2411.079655083655,1037.9815774992223,1833.1200248124705,1338.5939912904714,1142.2687317971495,1722.1331256072626
1646.1141372541879,2425.092178890554,1044.724463967928,1844.7113257406354,1346.375215335635,1148.6796575279461,1731.677352033294
1650.816119516459,2430.0679571800274,1046.5224269284543,1848.4655199511617,1349.2355829672138,1150.8979534489986,1735.4815753227676
1655.5181017787302,2444.6704450677316,1059.7947363866363,1849.252448882272,1360.7165448223204,1162.962541500833,1735.5610048673027
1660.2200840410012,2455.6242087721366,1079.8755345685531,1868.528670898526,1378.8190380781425,1181.536819020087,1745.4985711290246
1664.9220663032725,2465.7829001783657,1100.9923197353291,1893.393519283561,1399.693637557094,1201.46649357802,1752.773728108887
1669.6240485655435,2469.4294499339567,1115.859379843566,1908.391983737253,1413.1912943833395,1214.8774192669066,1755.865291581286
1674.3260308278145,2483.7746426624662,1135.5434006998225,1929.134314320758,1431.8834597793966,1233.376585977628,1774.934441601219
1679.0280130900858,2497.6617371201605,1156.0676904330248,1937.434077265521,1451.4483369797977,1252.6178050798676,1786.842040598362
1683.7299953523568,2515.137453173268,1178.066164617088,1938.2379178669385,1472.5364791217733,1273.1996264274826,1809.335253254892
1688.431977614628,2522.33949059805,1193.4072578948421,1949.8556632809916,1485.575233111908,1287.1207523685305,1822.255841269854
1693.133959876899,2538.324726646682,1214.238490284581,1953.886099502459,1505.379282069999,1306.916773898106,1839.410787496206
1697.8359421391704,2559.494774722525,1236.9309863705334,1954.899845830652,1527.2073005121422,1328.294445474812,1871.264919029577
1702.5379244014414,2577.511215548565,1237.2425645709295,1969.7206273371557,1528.2125682018725,1328.8001864516477,1881.0809844379355
1707.2399066637126,2595.466229919999,1243.8533686402434,1983.9020367332507,1536.8532730122283,1335.794540207272,1900.9145348256473
1711.9418889259837,2598.7927599796435,1245.2067340303106,2014.407971127047,1539.2496942340895,1337.3152534463948,1916.3455751351412
1716.6438711882547,2601.0343093040947,1246.234303456747,2042.9821855485443,1541.138177866875,1338.041816942704,1928.7864287299262
1721.345853450526,2612.589109534087,1251.5984625404458,2061.687961517793,1547.1294750473485,1343.7199033286606,1932.4134669117336
1726.047835712797,2613.5901119548307,1253.050282661663,2076.865845742816,1548.225009763853,1344.8200116180644,1938.2382841583149
1730.7498179750683,2613.9482248027934,1256.3580146752065,2083.2225730431587,1551.167155452278,1347.4217939589767,1938.977870590184
1735.4518002373393,2622.6370972642053,1261.0176128626404,2088.4139812738013,1557.0496108414334,1352.6282067010316,1950.5934403356378
1740.1537824996105,2623.26220407076,1261.5658052975643,2089.6295941663307,1557.606752676585,1352.6952428742507,1953.4444303880925
1744.8557647618816,2628.6943589569855,1266.0182929650864,2097.7427357636634,1561.771602713009,1356.4451142876355,1962.7195847219039
1749.5577470241528,2636.956641610628,1270.39637414542,2100.825243377752,1567.3127625575887,1361.1055147753834,1967.03292461415
1754.2597292864239,2638.560705509964,1271.7511607078977,2102.5900273194366,1569.4400188735053,1362.5369417096572,1968.6279250192867
1758.9617115486951,2645.318957209953,1277.119925550635,2111.6658229971385,1576.6162301787294,1367.5118510547527,1980.1969310159413
1763.6636938109662,2652.1565429000057,1281.1002288549912,2115.3178191077914,1580.6190568283582,1371.788083939221,1985.7625434413576
1768.3656760732372,2656.571100140138,1284.1484334644751,2118.493776538177,1583.5870933486685,1374.9663511955046,2001.5929490499702
1773.0676583355084,2662.088317464036,1288.934882063898,2125.842675537518,1589.3147400953153,1379.565473519884,2003.9574908627924
1777.7696405977795,2667.2878200895398,1291.6220286499452,2129.20239530853,1591.4250140053882,1382.5268329438281,2011.9264667383577
1782.4716228600507,2672.9004748285097,1295.016036390106,2133.3512414050106,1595.8054680660434,1386.3216571873063,2020.0116007118668
1787.1736051223218,2675.5690944587814,1298.4031323707804,2138.545286273954,1599.3279874620398,1389.9757160917857,2023.9813009845316
1791.875587384593,2679.325448303309,1299.5645415212025,2140.9609719996624,1600.9355884776412,1391.244191210727,2030.167137099496
1796.577569646864,2685.7272032397314,1302.878717001744,2145.5171429305296,1604.960406189368,1394.779027299146,2045.5233901046608
1801.2795519091353,2687.180022207354,1305.5852016239605,2148.56233599202,1607.871602958399,1397.1726853723449,2053.149816317065
1805.9815341714063,2688.6270156262817,1305.855318012283,2149.253227092918,1608.5527357436072,1397.3504543706529,2062.6283267580143
1810.6835164336774,2694.732610543155,1308.765448546677,2153.685745825615,1612.8535059124504,1400.5582286032813,2071.5506660516976
1815.3854986959486,2696.7858353025513,1311.0126925142495,2155.181495795666,1615.4010899522204,1402.6501215022383,2073.9403575984497
1820.0874809582197,2698.26515693814,1312.8622478798102,2156.940993966653,1618.507052897665,1403.9729286875886,2075.313873424309
1824.789463220491,2703.6780026206625,1315.9361805381563,2161.0101445512364,1622.427310822708,1407.3144278927143,2080.0805243969335
1829.491445482762,2704.700656000212,1316.9345543464642,2161.25013090188,1624.6209927021305,1408.066742382091,2081.697591399553
1834.1934277450332,2709.005275624204,1320.5148098195696,2165.0152968337097,1629.5259469477755,1410.9231199815322,2085.294912506337
1838.8954100073042,2714.9098263114174,1323.8693016505035,2169.5904269157827,1634.8509801777495,1414.8127877603029,2090.546391898345
1843.5973922695755,2714.9386900846407,1324.3378169233533,2171.3455895129696,1635.3158159097188,1415.62277767165,2090.7438581983483
1848.2993745318465,2721.195006685609,1329.444897746699,2177.795622746351,1642.0124316101383,1420.0912422225792,2096.2970192918137
1853.0013567941176,2728.036587237535,1333.1757102194292,2182.217896905069,1645.731689011854,1423.787994279447,2101.5594328489165
1857.7033390563888,2730.200411465479,1334.9647058719293,2185.380102639594,1647.341725459113,1425.8500722965487,2103.015946615621
1862.4053213186598,2736.2138225006483,1340.1895610474185,2191.950793569212,1651.3808465359518,1430.5952563825745,2109.163416010708
1867.107303580931,2741.1064639490546,1342.9678044832433,2195.21978212432,1655.1156904750944,1433.322644350015,2113.2290729864453
1871.8092858432021,2758.0659694147475,1344.7445075058793,2222.7938911345436,1657.815561567393,1434.556639467528,2133.283282166205
1876.5112681054734,2786.6108677768816,1350.002946142741,2244.3917149909407,1662.5397189340802,1440.4171128887835,2163.2507183259077
1881.2132503677444,2805.405157617369,1350.4570532956602,2272.0241918508973,1663.965867222973,1441.1166358434118,2187.328760573221
1885.9152326300157,2820.852603163561,1352.4659390089796,2303.5171551931826,1665.5302657884504,1442.897440072626,2210.63090931448
1890.6172148922867,2844.826140846294,1356.7522241079218,2325.3152851526847,1669.6863282315476,1447.6755538838397,2239.864293559494
1895.319197154558,2864.0170165767613,1357.6094214787515,2352.0311909432166,1670.5824930648478,1449.0331432400633,2263.3983769226115
1900.021179416829,2880.173417130496,1359.5026972184073,2384.7852929834726,1673.4045394680184,1450.9072425516106,2286.061552920023
1904.7231616791,2902.0558363296514,1362.4854916245756,2409.791599460509,1676.0901811211652,1454.283914536748,2313.573931375657
1909.4251439413713,2923.5138085870676,1364.9104706273029,2432.682571959578,1680.3286572202462,1457.0065928493636,2339.159178858682
1914.1271262036423,2938.9329903301614,1366.8160567653108,2465.3025180682794,1683.409853203655,1458.883028971533,2361.051536628499
1918.8291084659136,2939.357964293544,1367.149822544235,2469.067282254051,1683.4733557041777,1458.9479922789005,2363.805729175564
1923.5310907281846,2939.4504106080662,1370.3660870766798,2475.076828906236,1686.8258738018574,1461.4601367898572,2366.518987954004
1928.2330729904559,2946.0389910562853,1374.6539215624352,2482.477639706546,1692.895807871147,1465.710743912659,2372.3326734853217
1932.935055252727,2946.7886422674474,1375.8199974858344,2483.344258595337,1693.0624014430473,1466.6814850787796,2374.1030979715515
1937.6370375149982,2951.711953744385,1380.144675984085,2487.8485618853174,1697.031439150146,1470.4056466022553,2377.781233233367
1942.3390197772692,2957.351911283149,1383.7230574239932,2493.07919803809,1700.2139785742957,1474.1083560953184,2381.7548055790667
1947.0410020395402,2963.1522045627635,1386.1471489052378,2495.611851335775,1704.891959959359,1476.609103101678,2384.5509637808264
1951.7429843018115,2966.233694227527,1391.0592280394844,2502.178691396515,1707.8495635714817,1481.1712093454212,2388.6151295582868
1956.4449665640825,2970.780799297755,1393.9589565479064,2508.889273878221,1712.2136342453787,1484.022239005006,2391.869048956678
1961.1469488263538,2975.1285253887836,1397.7498363482828,2512.9415114250487,1714.5430389647481,1487.44296988708,2395.264340486685
1965.8489310886248,2980.6833247204077,1402.6873483149843,2518.935157426342,1720.8385207386145,1492.038208343519,2400.130263248499
1970.550913350896,2982.540433804639,1403.9578163575661,2521.664043615672,1720.8825702213903,1493.322476280127,2401.352286847014
1975.252895613167,2990.402135747394,1407.9780209683634,2526.154095565701,1723.2668854298922,1497.6045009567656,2404.5652470476857
1979.9548778754383,2995.2348257820777,1412.1230141213737,2530.456238423004,1727.6798823621125,1501.8093199948694,2408.1476222300616
1984.6568601377094,2995.394434937546,1412.1404640110475,2531.3099452912493,1727.8325935642788,1501.8139237133591,2408.2264641740094
1989.3588423999806,3003.3401868268893,1416.4345768613039,2538.204324413681,1729.8240508897034,1506.156429954097,2411.6656560363936
1994.0608246622517,3009.9972040047505,1419.6258143810392,2541.538780082603,1737.0573696958081,1509.5451067730992,2414.137109018625
1998.7628069245227,3011.3466128749124,1420.882924800238,2544.037729224033,1742.2768582236133,1510.666873566561,2415.823529600463
2003.464789186794,3019.788947289076,1425.2391290991768,2550.7354561512057,1744.5842281008506,1515.0803569166126,2419.830938455879
2008.166771449065,3019.8414794845958,1427.7423767258629,2552.631708713353,1747.671014614697,1517.3316482473754,2421.628567133993
2012.8687537113362,3020.3240391561667,1430.3894908288614,2557.5453951215977,1751.604915584311,1519.8696519028701,2424.636121103223
2017.5707359736073,3029.668693063478,1435.0088337348352,2566.6677669481633,1756.1713408816654,1524.4094961638616,2429.3971351761475
2022.2727182358785,3030.8603378293938,1435.752385825243,2567.3087081682115,1759.1121462782555,1525.4512096869462,2429.8898404463102
2026.9747004981496,3036.122604588195,1439.9220007544113,2574.339240626169,1764.7107331009436,1529.0593128433516,2434.376704795042
2031.6766827604208,3045.243831935599,1444.1927094840341,2583.2769247987335,1767.4806528547092,1533.3334167800576,2438.5496156117424
2036.3786650226918,3046.1783679863956,1444.9714361505012,2584.528996469498,1768.7326300036354,1533.9142391163277,2439.8662287947022
2041.0806472849629,3049.4733505954127,1450.1587619613,2592.931172383931,1773.6674264160977,1538.715295508286,2445.6221438985817
2045.7826295472341,3051.8603517247548,1453.9106137441865,2599.7324708482006,1777.8384994901671,1542.246442465746,2449.097333613897
2050.484611809505,3052.7158347894983,1455.7792353045788,2601.8038855141517,1779.814123298292,1544.278128620942,2450.6673918904926
2055.186594071776,3059.4981980068587,1461.2892551295563,2609.738805175436,1785.3082796834465,1549.7489202133552,2456.6046565462543
2059.8885763340477,3064.287683535754,1464.2836597724472,2615.9637032128767,1789.2054032826954,1552.8081309081103,2460.3245720414334
2064.5905585963187,3064.8511326529306,1467.203233462181,2619.0427461139507,1791.932264538269,1555.7989074815048,2462.993902072326
2069.2925408585897,3072.3214312741047,1473.540228946575,2628.9235976396794,1797.7686835558122,1561.8798913007242,2469.3280048839015
2073.994523120861,3079.3616235524546,1475.94920234698,2635.0876318255296,1801.036185467204,1564.32552693229,2472.222977845043
2078.6965053831323,3084.4443830069886,1480.2645057043303,2640.7024213857903,1804.95023119148,1568.6203973488532,2475.8413092124765
2083.3984876454033,3087.75154517302,1485.6454884909858,2647.41767442279,1809.9897704311554,1573.7498426230995,2481.0905013389465
2088.1004699076743,3088.385740075269,1499.9953043372743,2650.4667677677203,1822.5744224991056,1588.152985798928,2499.3233939019296
2092.8024521699454,3088.997836520113,1520.7757862668464,2653.2960145650477,1842.4220659025927,1608.949653146632,2527.0389383452653
2097.5044344322164,3097.2202685945867,1542.0113418121773,2653.375569303794,1861.5617296761297,1630.3697343298845,2554.261131668517
2102.206416694488,3102.748845185998,1563.6649269813759,2657.6905503633297,1883.2866077051801,1652.115914986983,2581.6508478730343
2106.908398956759,3116.1323993065694,1580.990770742624,2660.0954329720516,1897.547034440362,1669.227243090813,2604.116719067564
2111.61038121903,3126.608068381302,1598.3115135574633,2662.8754685898984,1918.877950493311,1688.435321590375,2628.6627845125436
2116.312363481301,3127.565345853048,1627.8559957600382,2675.9877081039085,1946.268419642066,1717.7361129698002,2663.626661038446
2121.0143457435724,3134.2232055514087,1648.37285647311,2678.5372825497006,1972.2564376793384,1739.794420205411,2689.5979272516843
2125.7163280058435,3152.0929102882774,1660.4221447296463,2686.385853440979,1990.768531979059,1755.7584045497892,2708.1632646019334
2130.4183102681145,3162.0155523127655,1683.6896756936853,2693.430323684583,2021.2988917317375,1781.1565508252097,2738.2938617434074
2135.1202925303855,3164.3899822964736,1699.4900521504305,2706.842075529119,2039.6181084943137,1802.9508541337796,2755.8398724641343
2139.8222747926566,3171.883946575304,1701.8907194947108,2707.4947268642745,2043.5555564661317,1803.2726130749734,2759.4594706879425
2144.524257054928,3177.0040510362196,1709.9865891408776,2711.4388186862725,2048.602043562204,1804.9031673953677,2766.7367687154847
2149.226239317199,3179.5973970906653,1714.6746918823092,2718.7545728623436,2058.8267895762883,1816.8849397307224,2772.8442604830598
2153.92822157947,3189.8878930888327,1724.7586757732704,2733.4559671243414,2075.7776048925407,1834.597433704057,2782.494400673476
2158.630203841741,3190.120823385348,1728.1412208718268,2733.881349774414,2083.1763542341278,1836.009555596615,2787.0385455429573
2163.3321861040126,3196.7552096128684,1737.0258046426068,2738.816950618152,2087.1089621075166,1836.0864738749945,2794.9842619384362
2168.0341683662837,3199.8950038448293,1741.8836073901925,2746.9501833157246,2089.912994415383,1844.5178568282254,2800.647064743468
2172.7361506285547,3210.3973996272834,1751.5381139815747,2759.2489410435596,2093.2063068322686,1857.6148923956944,2809.8367854853655
2177.4381328908257,3211.2642899124653,1755.651852684817,2761.6273708886433,2099.612238691241,1860.028358893851,2815.154813398486
2182.1401151530968,3216.74163318938,1763.4589650037005,2767.4955448342894,2108.204873888745,1864.8714156202466,2822.436913619046
2186.8420974153682,3223.2877256272004,1768.8167758154118,2775.92706278927,2112.183351189927,1878.2423485623672,2829.270926899732
2191.5440796776393,3232.533249695131,1778.1274685435226,2786.595830177418,2120.601260800231,1891.635344038882,2838.2264433862506
2196.2460619399103,3232.582263309706,1782.6072790352414,2788.675425586508,2128.027097265492,1893.495859275792,2843.490034094238
2200.9480442021813,3237.1498568516267,1790.4523418222363,2795.7345620765045,2137.5504156505913,1898.72902300376,2850.3769549769077
2205.650026464453,3239.37295744919,1794.7059972727125,2801.883066164737,2144.701402501634,1905.1903162328854,2856.409167988824
2210.352008726724,3249.705218030045,1804.4581604488558,2812.375671771161,2155.12591424112,1915.8310601205083,2865.510222574012
2215.053990988995,3250.455254635291,1807.932951550005,2813.7504886193624,2162.553633434681,1917.7019753400614,2869.3167295561116
2219.755973251266,3258.157184279945,1816.8991783076056,2822.061211919039,2166.114254007244,1925.2660951224025,2877.5833832258995
2224.4579555135374,3259.84943615664,1821.4894899342303,2828.116814855536,2170.1617976847087,1928.7340410881225,2883.595454333423
2229.1599377758084,3267.4094600445496,1830.4409923904755,2838.2794417772207,2185.1086976160877,1936.7695794597403,2892.1510433381864
2233.8619200380795,3270.1288649180233,1831.4135644412568,2841.1398602155505,2186.115633960307,1942.9768857833617,2896.728687087475
2238.5639023003505,3277.5056611027317,1841.0594034401734,2849.700436427621,2188.562678960886,1955.1529057429802,2905.6243685769714
2243.2658845626215,3279.093048459706,1845.0973935350569,2854.290737087693,2198.188098751555,1957.99216107712,2910.57667527214
2247.967866824893,3286.9425794053996,1854.2884200583517,2864.1869163342626,2211.697473287855,1964.8029508969798,2919.2144120928497
2252.669849087164,3287.8702669310833,1855.9625478158268,2868.499788233844,2214.047378527606,1966.5817051660274,2922.507216173238
2257.371831349435,3295.99680663975,1865.5800388948096,2877.4675288553594,2220.235924975502,1976.3684427719381,2931.6733757255834
2262.073813611706,3297.2152044646327,1870.2783266640793,2880.3646736029323,2231.0447814908166,1978.9067585997154,2935.165489914477
2266.7757958739776,3305.742568975831,1880.9325874524534,2893.4297445657903,2243.1988887188436,1991.0345446279898,2945.2859460178115
2271.4777781362486,3306.50990390266,1881.335942940616,2894.476947261126,2243.893845952706,1994.7947786786622,2948.217602642603
2276.1797603985196,3313.5885390952026,1890.7545979105455,2903.5743308383517,2252.2723223827734,2006.677526668988,2957.1471709746675
2280.8817426607907,3314.499325489506,1890.78160331781,2906.3929980418748,2256.1783862029106,2007.9816776840917,2960.435447745185
2285.5837249230617,3322.735162489753,1904.2847240216938,2920.3910892912963,2267.65753279658,2020.9440338548764,2970.8383894057206
2290.285707185333,3324.330188200539,1908.4859869739485,2921.4495132061675,2268.763553837769,2022.977007638041,2972.0147236699568
2294.987689447604,3331.8577758874426,1913.5115525069546,2928.0026788664763,2278.105719197767,2028.952517786252,2981.104303890021
2299.6896717098753,3333.484330106069,1916.490375101877,2930.7524785601936,2279.5923231957495,2032.8318074077256,2981.978848850506
2304.3916539721463,3339.9181862266632,1929.1291646549546,2942.647185368302,2288.964151363097,2047.261553048198,2990.4343360543726
2309.0936362344178,3435.4871500066724,1998.9764879160684,3034.9017676195094,2371.5448602476736,2114.015685667956,3078.582095671145
2313.795618496689,3490.425250267772,2030.776819183218,3099.294053084615,2423.6901292374127,2155.728344026569,3135.0394794379163
2318.49760075896,3498.305514586738,2041.641600458604,3116.732979469153,2425.520336519132,2164.955543995196,3139.21101218611
2323.199583021231,3510.6440703105795,2069.2773223685185,3129.0140495166543,2429.342513760414,2179.6837291869533,3141.1730125090635
2327.901565283502,3523.671227107108,2102.3032177901737,3142.5532898712327,2433.457342814755,2193.8653952755085,3141.71452139947
2332.6035475457734,3535.8158259647666,2120.724265900668,3165.104417064208,2437.125491488953,2203.7746670701317,3142.234437996197
2337.3055298080444,3548.794852346364,2140.84520665093,3179.9998514707518,2443.810816385056,2214.7157735931883,3144.855372269158
2342.0075120703154,3564.2259163426143,2166.85305259088,3192.217992028735,2453.4858923923985,2230.974544248226,3149.359305954408
2346.7094943325865,3574.9759597154,2188.8829580436386,3212.959232631637,2456.332178600229,2240.3489641982023,3150.8588823969053
2351.411476594858,3582.7981537848327,2205.433893473021,3233.643085132844,2457.2982494588114,2243.6631993143524,3153.047631593623
2356.113458857129,3690.6511211282977,2300.718977530032,3310.355631496902,2545.3813125423694,2330.109615714175,3246.226385543606
2360.8154411194,3755.190751472048,2349.5845600679518,3354.9974237504266,2598.285303259695,2383.6138011322096,3302.980815332552
2365.517423381671,3762.3658438460666,2366.5389579722296,3358.2977640450545,2609.9883995282644,2399.472169319021,3317.216905443489
2370.219405643942,3766.6423963798634,2376.9029044362796,3361.7220208909603,2619.2458858699547,2411.442771505758,3329.1777470790457
2374.9213879062136,3767.6107448999533,2383.754845272784,3364.192787929126,2620.076680622975,2416.794890970478,3333.110419363975
2379.6233701684846,3774.5049873869166,2391.4767548957648,3366.9393789486858,2628.2358324393335,2420.953230139712,3336.91333607559
2384.3253524307556,3778.300625121011,2392.4431783971504,3369.143750655431,2631.16810270174,2422.786228145168,3339.6304017727534
2389.0273346930267,3778.3736668617594,2395.106644194141,3370.2290604648406,2633.711855627698,2427.835363696062,3349.3848153515582
2393.729316955298,3782.620780969145,2402.9877789436405,3375.500290011816,2639.0804020513424,2435.3440531756296,3361.2727267635405
2398.431299217569,3787.281982248513,2407.407553749892,3377.319144399106,2644.9488307957963,2442.7549101865425,3370.8126556374123
2403.13328147984,3788.453322269783,2410.574652508038,3378.427657291136,2647.2823034201633,2445.3022209983446,3376.160419549015
2407.8352637421112,3790.6777086623847,2416.0581066344103,3380.6080024118965,2648.270624990537,2447.358794479988,3382.7875335515223
2412.5372460043823,3794.8866837633595,2418.5570257017553,3381.411154616486,2651.844789822896,2450.565970190118,3383.6590214166495
2417.2392282666538,3797.5628472066464,2426.5705736410073,3383.5396045696616,2656.114037598426,2459.518364665899,3383.7632628667784
2421.941210528925,3799.718426731805,2427.078253225257,3387.1283415715793,2657.876776050698,2460.54227339493,3384.9411298205673
2426.643192791196,3799.885547579911,2446.3149022153857,3388.7583205472874,2664.52262083426,2470.595803059809,3387.448223101121
2431.345175053467,3801.480470599342,2460.337916347007,3389.7180176198863,2669.9737056547838,2474.4754630966077,3390.0277850964867
2436.0471573157383,3804.035282129806,2473.4062639196627,3396.6500125429366,2672.9477848113784,2475.245361797295,3398.397641945745
2440.7491395780094,3807.067779940473,2485.835834326982,3397.1997841949415,2676.582617409844,2477.508491468402,3406.401622573325
2445.4511218402804,3812.883296885763,2497.849140829224,3401.199316259474,2677.104190871415,2478.8115579383643,3417.7492011069953
2450.1531041025514,3819.023391670514,2505.726815987061,3407.988974247565,2677.8020721535568,2480.052660318186,3430.9139886839466
2454.855086364823,3823.4027252849373,2514.8287910047875,3415.591921744603,2678.37015342668,2480.73133816644,3445.7802578558476
2459.557068627094,3829.290623511529,2519.937241711079,3419.1778540118635,2678.437439341757,2484.766733515741,3457.5556887517014
2464.259050889365,3837.187870798565,2531.3214090320953,3424.0983143268613,2680.0888540787355,2489.37224112086,3463.137539668586
2468.961033151636,3840.0302413462096,2536.301391621383,3425.9975694772083,2684.989628959682,2496.512200046812,3472.2676008652406
2473.663015413907,3842.1552051284834,2537.2202825614295,3426.3196918439653,2685.639199722722,2502.9717803015396,3477.7359775521727
2478.3649976761785,3843.114597170261,2539.45989709048,3432.3197410942275,2685.995339484679,2504.649905569761,3479.5901841166806
2483.0669799384495,3843.6795791603763,2539.5730209933863,3445.3812680284964,2691.552220238156,2506.2107346739913,3481.454717405546
2487.7689622007206,3844.1696091407975,2539.678843947156,3448.371609353121,2692.913886469668,2506.7006498208075,3483.073919183909
2492.4709444629916,3844.346753802216,2540.905498070169,3460.844140336567,2700.5077568204,2508.9929331159165,3484.1270489667786
2497.172926725263,3844.52585352361,2540.9977225091498,3470.5094307801883,2701.923305091924,2509.4986795980967,3484.4369774773586
2501.874908987534,3844.9812138718303,2541.5092101208757,3479.7175798415983,2706.7204575675855,2510.309464692885,3485.8292569116916
2506.576891249805,3845.7309576397497,2541.8301503167568,3486.4991774158834,2708.615188345896,2511.225476396109,3487.3840318012835
2511.278873512076,3847.8062489507292,2542.4193087782655,3494.6567831741977,2711.2303941301666,2512.821662342146,3494.8236648287157
2515.980855774347,3848.5901452087082,2548.0923430557523,3500.385929692014,2714.760772648483,2520.0626525707803,3496.6192390627093
2520.6828380366187,3849.5013642152408,2548.1873203331734,3501.486472384774,2716.6677702012034,2522.6544787753887,3496.720444734038
2525.3848202988897,3849.9734639538437,2548.7694313255924,3502.8003253350143,2717.959745975271,2522.80586620075,3497.0389990243957
2530.0868025611608,3850.2487963057874,2548.9497690099915,3505.579183011915,2721.080730744564,2525.2934027883075,3498.484295500006
2534.788784823432,3850.7505341086166,2549.317296674053,3517.0082665751497,2723.7402130356995,2527.0462993214323,3499.2376554732655
2539.4907670857033,3884.147268877101,2597.3099112693008,3550.806490651107,2761.83828414651,2565.7279434181446,3541.232487401817
2544.1927493479743,3960.8639883278875,2706.616585146994,3626.700462132675,2855.870749447808,2658.034627900369,3633.231333668253
2548.8947316102453,4037.7138838348646,2814.080476635614,3699.1574582578323,2945.213575753455,2748.8586928704376,3726.6650748177885
2553.5967138725164,4112.501303200289,2920.9839108230385,3772.5902968903715,3036.349347558356,2836.8679178931498,3820.360626596469
2558.2986961347874,4122.587548282119,2934.6515783070868,3789.4630388784085,3042.8516275056304,2849.3365156274185,3824.185733713826
2563.000678397059,4125.524582496772,2937.0866520086875,3792.5715625766506,3050.445252484265,2857.04898463747,3829.592677583538
2567.70266065933,4128.932792487478,2939.482768914979,3796.0594203518585,3054.9841380918488,2862.027462020591,3831.110179539686
2572.404642921601,4130.9499604582725,2940.122796533371,3799.929083808006,3058.502111273452,2865.7065801365725,3836.759028243224
2577.106625183872,4131.231151989776,2944.17016475654,3801.3139187745737,3059.2158012117497,2868.1030021202196,3843.2856159349503
2581.8086074461435,4131.846109993206,2947.433894061249,3810.4634413691338,3062.2471737657306,2870.28302975681,3846.4983590052016
2586.5105897084145,4165.803841073131,2991.7558136466455,3836.097103010375,3105.423160732561,2910.8928412124415,3881.9041540811468
2591.2125719706855,4244.723336429071,3101.6261444023885,3913.8404580533474,3201.9830365467847,3005.156795248294,3980.5154817597204
2595.9145542329566,4329.7528007179535,3210.329229711567,3988.3906920898457,3298.339301486695,3099.4800480885324,4074.3672890928356
2600.6165364952276,4406.861857477899,3316.0596602010437,4058.3083598998446,3394.24233253495,3193.6222258042108,4164.107253045909
2605.318518757499,4419.832642510168,3328.538565124697,4072.6160963816806,3405.2191227732496,3211.279215497791,4170.37565183589
2610.02050101977,4421.044293772648,3329.061927545429,4077.49715634712,3405.7624095733877,3215.4289394892166,4174.974860949862
2614.722483282041,4425.899724505315,3334.9746433239297,4079.33675253855,3407.2486602968975,3217.948453542662,4177.078087976266
2619.424465544312,4427.117442856052,3339.972056915344,4084.489414397044,3408.6914023441295,3218.963516858258,4183.348634955595
2624.1264478065837,4427.131331669954,3343.655208005239,4087.8938953582233,3413.8231535760046,3221.0986913759125,4190.205198132776
2628.8284300688547,4427.276070343878,3345.0734816345816,4091.6985132664977,3414.3273692061175,3222.782649074712,4190.737765402267
2633.5304123311257,4428.193341292044,3349.985553411436,4094.2831899625403,3417.319985559083,3227.7690694309836,4198.061957633237
2638.2323945933967,4429.902507331488,3352.5563388080823,4094.443172960444,3419.2008693787284,3231.5868961787764,4205.790629233156
2642.9343768556682,4434.291334340836,3353.9450146727195,4099.787605997245,3422.429577713571,3236.1418718993946,4209.051976852714
2647.6363591179393,4436.924807346439,3354.5689173094534,4105.126309715861,3425.4717252208,3240.0494605454114,4212.010473424579
2652.3383413802103,4446.36573719692,3360.9382860000064,4109.075012996732,3429.5890976394994,3243.148804236652,4220.063780247267
2657.0403236424813,4447.6364955229255,3363.2303275915647,4115.881739229273,3432.347273929872,3247.8708624844658,4221.217711709633
2661.7423059047524,4454.385476274262,3364.4334593721887,4115.9616387462775,3433.1371474376274,3249.5007898191798,4221.610172437034
2666.444288167024,4454.729885055703,3364.8852441802283,4123.984171101127,3433.1456241660526,3252.3655190915133,4221.915428278216
2671.146270429295,4475.572167025078,3376.096843764048,4130.186608293364,3448.7355980332577,3272.8450006655294,4241.917185065366
2675.848252691566,4518.868233107277,3398.4614307001175,4158.308228172696,3483.2674858611686,3307.5663783965383,4274.11978443059
2680.550234953837,4554.903994785542,3421.304107018037,4186.606640583762,3517.999421057524,3341.7816630318443,4312.206249816924
2685.2522172161084,4596.567937549769,3448.6551580268715,4222.037332083075,3552.9679039751663,3376.736571845698,4356.798053875801
2689.9541994783795,4633.363652749185,3475.0183712710505,4248.366870195227,3588.8588075677844,3412.360143096203,4397.924987374011
2694.6561817406505,4677.551423196514,3506.142578680964,4276.618713688952,3627.3170817746113,3449.5513994601893,4446.980394718802
2699.3581640029215,4709.323913818237,3531.9637037296834,4318.061111636103,3665.576367464572,3487.129985835185,4486.598705767667
2704.0601462651925,4749.11863229742,3558.519583259838,4367.069106600089,3704.5258881164937,3526.5683279609184,4533.527021715432
2708.762128527464,4796.316397796154,3590.4474596375717,4392.411490195388,3746.7263952441026,3565.1207895071866,4587.447645157801
2713.464110789735,4843.115723466838,3623.185684415598,4437.155439719556,3787.8063923703903,3611.1014260061784,4636.296730396534
2718.166093052006,4868.586219575626,3640.766293675083,4459.597569647383,3811.2348288190424,3631.5001633403795,4665.211950013676
2722.868075314277,4872.302467370633,3647.527909904272,4469.13753469569,3818.955161773144,3636.996054068345,4678.852873302227
2727.5700575765486,4881.165995252597,3652.4798104989413,4486.075753197912,3825.313508961247,3641.3735072471804,4688.391748793958
2732.2720398388196,4884.390568127073,3658.658669458523,4488.093457009776,3831.4289712691743,3647.8090039494964,4698.158442603837
2736.9740221010907,4891.483923886425,3661.791865514878,4488.370404257029,3835.5899630833414,3648.868153052297,4706.081208700933
2741.6760043633617,4891.827559368654,3664.6890114184353,4489.729445826655,3838.8869982747983,3649.271643205466,4711.926104910226
2746.3779866256327,4897.019065368879,3666.2918581748395,4505.40455913146,3840.936836489057,3650.1151129956575,4717.080155597027
2751.079968887904,4901.347167327387,3666.349500924601,4525.998491762414,3841.1721104302314,3651.8608015107584,4718.945581042101
2755.7819511501752,4903.746379607614,3666.9775305765306,4528.0556841843045,3841.488642825242,3652.74770205038,4720.666347076239
2760.4839334124463,4905.50198142483,3667.9889832215067,4544.096559211378,3841.7611749570133,3657.568801879601,4722.103951421172
2765.1859156747173,4908.061585610681,3670.436648669066,4548.43653650592,3843.722088409651,3658.7965300062606,4722.290267494237
2769.887897936989,4910.60063708016,3673.059599068638,4554.140075475146,3845.391987484656,3661.7979669027827,4722.319896417499
2774.58988019926,4911.331199422265,3673.882546967379,4555.590220971948,3845.9686182176097,3663.671044724414,4724.827979944323
2779.291862461531,4915.011787939374,3676.1694583398066,4566.887386434262,3847.0119074833847,3667.816305413483,4725.79445221562
2783.993844723802,4916.151817965976,3677.140058695265,4577.6747905167185,3847.5449664753633,3668.3026622431053,4726.9373095076335
2788.695826986073,4916.712627904528,3679.055554445541,4580.173550598522,3849.777621521906,3669.5046405172025,4734.940151056507
2793.3978092483444,4917.494791523119,3681.086213061192,4586.719922326089,3852.461231031215,3671.3891854359963,4743.508053840342
2798.0997915106154,4917.7110874543305,3681.971489093681,4588.99111753736,3853.7732285007987,3673.2504528803083,4749.326162617452
2802.8017737728865,4918.15648419849,3683.0581044398396,4595.654044823322,3855.181809134063,3674.7499814870475,4755.669142353258
2807.5037560351575,4918.680190190058,3683.887136641916,4604.281476062128,3856.379857242533,3676.0973636334083,4761.403042461394
2812.205738297429,4918.924919358368,3685.014763843259,4612.76501616699,3857.8398075652726,3677.5124327568724,4768.2069383208745
2816.9077205597,4919.047353879852,3686.107024035189,4623.2420238684,3859.3383591896772,3679.144654712665,4775.865300824407
2821.609702821971,4919.228068278081,3687.4557562545933,4639.165657286859,3860.835172849772,3680.7306515357086,4783.261984628621
2826.311685084242,4920.343150790086,3689.629360269885,4644.038976256816,3863.1472772064317,3682.4075155687688,4791.3166444332
2831.013667346513,4920.383900336174,3691.096495409748,4652.056893168643,3865.107081708883,3684.378080049247,4798.612203966133
2835.7156496087846,4921.593708848878,3692.8620096713357,4656.48986289681,3866.385123703202,3686.402727356709,4799.647971632066
2840.4176318710556,4922.038795207723,3693.4068830930023,4685.736715757854,3866.651644688962,3687.0148445546383,4802.0179727189425
2845.1196141333266,4923.301790504073,3695.032343564706,4695.637623478128,3866.752265124699,3689.0592479810866,4803.551973484906
2849.8215963955977,4924.125656709275,3696.07890697362,4712.639311757561,3867.3979757132674,3689.9565323789366,4805.333437670614
2854.523578657869,4926.703075784447,3698.88187756475,4714.937960197506,3869.561016531066,3692.934380409627,4805.420078562037
2859.22556092014,4928.146947669071,3700.17471647642,4720.9020341441465,3870.172910875185,3694.7185317194217,4806.97162550417
2863.9275431824112,4929.641122167308,3701.3254338424963,4727.443976954645,3870.8020049432953,3696.4266349476993,4809.1346528408885
2868.6295254446823,4930.998167041729,3701.721352167644,4729.262207926056,3875.333894529088,3696.932546812175,4812.421371462116
2873.3315077069537,4931.868092686118,3702.8564692514856,4732.515604011152,3880.943933642252,3696.9904116507805,4815.878524056904
2878.033489969225,4932.501108213414,3703.971746459623,4746.242289629569,3885.885746113935,3698.239129464181,4819.529381182594
2882.735472231496,4934.146571612614,3707.027326778109,4755.519506439967,3889.033561996049,3700.9644479973367,4824.717434825863
2887.437454493767,4935.580458108793,3709.2585409951052,4760.6543220832655,3893.3132692784793,3703.316068014261,4828.689545398409
2892.139436756038,4938.612213734888,3713.241512278594,4769.840108525148,3898.6651647013787,3707.9032494865833,4833.931405751924
2896.8414190183094,4942.376604996807,3716.786547607769,4780.308962957593,3905.2889639525574,3712.2914878451456,4838.460523499159
2901.5434012805804,4945.437645042539,3721.4948911267766,4782.922983144871,3913.046065408504,3717.5905498254556,4844.295438573269
2906.2453835428514,4945.701010061702,3722.498533847125,4797.729773488757,3913.298620434013,3718.909497753343,4846.847357494624
2910.9473658051224,4945.778506336838,3722.871274752152,4798.707743080697,3914.5429348434764,3719.02306384776,4850.18297436722
2915.649348067394,4953.4898736159585,3726.4332730466285,4804.585749859415,3922.5749046016736,3722.973473355781,4856.202680759961
2920.351330329665,4963.489282640491,3731.867664460548,4813.996840368228,3932.8770151416675,3725.920038485164,4863.88636641126
2925.053312591936,4972.308304392995,3737.0487725986795,4818.953172962898,3942.1130241849523,3730.7866382099564,4871.223492835426
2929.755294854207,4976.598780141947,3742.1270058396285,4822.5005934079245,3948.059127748731,3736.204573848454,4878.739240058782
2934.457277116478,4992.897289796168,3744.8324865535624,4846.307326588199,3953.4440949228388,3738.994629629562,4883.653326542345
2939.1592593787495,4995.4851786081435,3746.6233694416624,4854.42768284787,3958.0610826069087,3741.0006012099734,4887.805253816807
2943.8612416410206,4997.755349854378,3747.9710814335062,4860.7223100992305,3964.2178647969013,3742.4355718016873,4891.228545276116
2948.5632239032916,4999.515653451415,3749.247074981631,4875.163017074817,3966.4073132652134,3744.1052063176135,4892.593154530446
2953.2652061655626,5012.3847338624355,3750.7506638616283,4875.679487776849,3967.9631322698856,3746.2974032989114,4896.523315193326
2957.967188427834,5018.251002348796,3752.06324862611,4883.557402191531,3970.1774513733717,3748.596846560297,4900.065337256063
2962.669170690105,5019.606355220348,3753.7634577429844,4886.939364902819,3972.3098664926,3752.2167107064206,4903.050761876246
2967.371152952376,5023.377036925124,3753.821941875035,4886.960141019435,3973.0503981702586,3752.2280311599743,4903.692183711517
2972.073135214647,5024.91881518433,3755.0960793562617,4893.74745484244,3973.7197170837144,3752.579623573664,4905.771935848911
2976.7751174769182,5037.811771036988,3756.825513610883,4893.9372319105605,3974.419182001397,3753.659045316026,4908.344299682774
2981.4770997391897,5044.17776191203,3757.4257978802625,4894.677949969335,3974.424051846285,3753.984116459742,4910.33575535582
2986.1790820014608,5044.540893334096,3757.8823055222692,4909.341930586427,3975.1315042471515,3754.771659771908,4911.593065518763
2990.881064263732,5057.178517182676,3758.681694555662,4922.248546004643,3976.553848026757,3756.290350540074,4912.755260584397
2995.583046526003,5067.836640486952,3759.120098640805,4938.510212075702,3976.8238844226425,3756.3231862600974,4914.632730693518
3000.2850287882743,5069.0872232437505,3760.46373557492,4949.918763609189,3977.5637886834284,3757.2647385710898,4916.331174194347
3004.9870110505453,5090.341786582332,3763.080558189678,4964.293341221565,3980.4888336394642,3758.126798551892,4931.759222109035
3009.6889933128164,5099.508424728507,3767.502649899563,4965.782927648532,3984.7817867915223,3762.007014681576,4945.32752946005
3014.3909755750874,5107.491561916356,3769.4135296736677,4966.0533461550585,3986.7714278196954,3765.4699791006406,4961.123487825617
3019.0929578373584,5122.107912119727,3771.942330670804,4968.200723574516,3989.892830589767,3767.2847322762227,4982.395089590873
3023.79494009963,5134.342457695075,3778.620767086699,4969.017683011296,3995.216889522357,3773.128415949741,4996.637144933841
3028.496922361901,5144.373372295252,3784.144676076241,4969.931488583611,3999.463878654876,3777.874831979112,5003.575140840987
3033.198904624172,5172.238780441736,3785.8905747600284,4983.841703931932,4001.9305712925375,3780.229362050709,5005.4908125766615
3037.900886886443,5182.304418947197,3791.812529841116,4991.576571388792,4009.081472407612,3787.5313096076393,5007.668877381088
3042.6028691487145,5207.859878074869,3803.974388132929,4997.987025460235,4022.6958740269406,3801.367747210658,5016.190694770787
3047.3048514109855,5228.662451600245,3811.4533097572075,5012.050611287902,4031.0714440112883,3809.90684689913,5021.064717703884
3052.0068336732566,5230.891075067648,3812.4426398190353,5029.26789881442,4031.418995060121,3811.6570119056787,5036.319657200954
3056.7088159355276,5241.275227255408,3820.7041929275856,5030.157170588303,4038.773669669685,3817.224654386432,5044.039354815214
3061.410798197799,5246.2139451513685,3830.869632002049,5034.032046780705,4047.888504105895,3826.012173431944,5049.587980811817
3066.11278046007,5249.81621404297,3832.4312359412934,5036.107247965807,4053.8695657714798,3827.112334409834,5070.426683643469
3070.814762722341,5252.015477714884,3840.966748246956,5038.356832149443,4062.6083364638116,3834.872569393471,5087.016489300271
3075.516744984612,5266.882200745617,3854.748020341919,5042.585977612583,4075.1037149985896,3847.8979062936896,5100.148363937009
3080.218727246883,5271.351673530893,3859.059176213581,5045.495273368349,4078.5926647474325,3851.902718154162,5107.768403480372
3084.9207095091547,5272.5092464567215,3864.2442510084793,5050.604110520531,4084.407455365954,3856.976413640211,5117.709280515913
3089.622691771426,5277.9912469609635,3876.7962530827963,5058.245478549206,4097.475210547414,3869.6975962688402,5122.024882454693
3094.324674033697,5283.718707648879,3883.011967750489,5062.9454879791565,4104.825622347127,3876.3796786703547,5128.495323948551
3099.026656295968,5284.338733430475,3888.668882422263,5063.762801630992,4109.823168538945,3881.7105301454653,5137.631498314285
3103.7286385582393,5291.6645164712345,3901.6605484569927,5071.060939805105,4129.372346575675,3894.220007092617,5167.08082824568
3108.4306208205107,5297.062552469614,3908.526727698091,5074.284399809148,4135.192886459698,3900.6494758584986,5187.855780863971
3113.1326030827818,5297.947109021162,3912.872318539823,5074.410731911456,4145.995887332292,3904.336496490933,5192.035795687969
3117.834585345053,5300.440483187225,3921.7105882519513,5078.797337268116,4156.086127905224,3912.9792645330917,5192.953363120413
3122.536567607324,5301.338863757486,3929.0348934740105,5082.760545561008,4164.246401477301,3920.5471969054906,5200.063972910135
3127.238549869595,5302.706874203282,3935.4514528917616,5092.625318964213,4185.910896270043,3926.9350079723354,5218.382613391929
3131.9405321318663,5308.9517099795285,3945.653962201856,5098.253904965004,4194.459135384515,3936.6505957109566,5230.508279694988
3136.6425143941374,5312.537075367389,3949.241013737452,5101.033085535775,4206.103170463721,3940.2116168624643,5252.957069836023
3141.3444966564084,5314.677625006905,3954.4050581126803,5103.626912017267,4210.522392902384,3944.8883073373313,5256.400199328422
3146.0464789186794,5536.58990619149,4017.7065153149115,5292.5244810023,4288.637909386613,4014.607621797581,5330.387255460599
3150.748461180951,5857.010319874416,4101.92088570087,5567.54188717733,4410.190455498226,4108.5752833247225,5461.588110879953
3155.450443443222,6217.606870040884,4204.552276425422,5877.425359383697,4548.158965182991,4220.984398423106,5617.791667802535
3160.152425705493,6561.297686944601,4291.95965150393,6171.002114586618,4674.318409545328,4318.259426000892,5764.7598402299545
3164.854407967764,6865.898842283408,4358.402097106499,6431.615049724362,4776.741578361065,4389.3940862398995,5883.788705748114
3169.556390230035,7215.7838416087425,4459.340605693704,6742.763927179287,4919.948106277634,4493.234289898352,6046.5722722468745
3174.2583724923065,7573.590502809277,4571.707196455606,7075.2974451328155,5094.487976158713,4608.914633646484,6222.864988270343
3178.9603547545776,7885.09074124592,4649.175736126473,7356.952924605739,5217.618230791333,4689.573743911575,6364.228079802072
3183.6623370168486,8232.357412888374,4747.670499176114,7681.98351898534,5379.478147292984,4789.747176834389,6542.344305398816
3188.3643192791196,8592.801735396522,4848.722228501824,8021.137704326022,5541.975271775013,4892.668835640301,6719.817893740048
3193.066301541391,8680.577994461102,4861.46366451764,8129.972400939547,5601.613656904085,4900.899603012978,6778.480784199381
3197.768283803662,8730.295330283887,4894.424850245488,8218.687345686383,5678.683557062312,4924.818855449686,6841.762445085456
3202.470266065933,8746.06279218262,4902.924115076712,8250.041184737016,5710.859212916743,4941.788637380067,6855.417368766892
3207.172248328204,8761.05554620161,4908.709716627345,8292.40881293322,5749.408797410413,4956.14220842437,6868.389885148748
3211.8742305904752,8836.357095291143,4953.87847344767,8427.417871140911,5855.4463540706965,4997.063555261225,6944.986052722319
3216.5762128527467,8864.917624373422,4981.40165058902,8451.815727343444,5882.162466001077,5026.942491242238,6949.189605064092
3221.2781951150178,8900.233260797473,4996.203622772564,8550.477287248508,5968.995221507406,5037.083467001732,6993.509717880548
3225.980177377289,8923.125006050637,5001.546606749358,8634.88794617256,6047.239635209938,5039.121123868821,7028.418162374219
3230.68215963956,8979.453259848106,5022.344983194505,8780.622775634583,6154.441023817532,5055.947690767556,7083.425526804598
3235.3841419018313,9002.759053265827,5054.69476030421,8869.291923767494,6203.779850368165,5091.22482317262,7086.910273893205
3240.0861241641023,9095.909714396803,5091.669050614551,9115.969174892827,6345.825920204899,5122.413186217447,7163.487239406388
3244.7881064263734,9130.850467589378,5142.905201843354,9260.33599649748,6420.13084407731,5179.186394303717,7199.190560200551
3249.4900886886444,9188.34190309531,5210.56263706075,9380.039047193284,6663.9532857228805,5251.564679003621,7257.415249441456
3254.1920709509154,9235.085567272527,5269.497859807133,9520.593231180625,6789.939906484292,5317.302367402355,7312.896130506857
3258.894053213187,9331.161786513032,5363.840264739321,9616.823219819866,6887.804203476045,5416.976432187166,7410.125862880273
3263.596035475458,9412.274803831422,5442.030079230698,9730.672886282415,6962.259968324306,5500.031003370952,7493.533141215153
3268.298017737729,9532.764143293447,5548.890499614212,9782.14858881406,7079.011934913886,5610.549542219053,7611.916522987304
3273.0,9606.38806394023,5624.353778942327,9870.509482369634,7191.776078364413,5690.075883516175,7698.631422510453
